DISTRICT,PROVINCE,ZONE,RIVER_BASIN,YEAR,JAN,FEB,MAR,APR,MAY,JUN,JUL,AUG,SEP,OCT,NOV,DEC,ANNUAL,PEAK_24H_RAIN,NBRO_LANDSLIDE_ALERT,FLOOD_OCCURRENCE,HAZARD_INDEX
Colombo,Wet,Wet,Kelani Ganga,1995,17.2,31.4,116.9,241.9,237.1,213.7,166.3,139.0,93.3,305.0,332.0,20.0,1913.7,100.8,0,Minor Flood,1
Gampaha,Wet,Wet,Kelani Ganga,1995,26.8,5.0,149.0,185.9,250.5,146.2,149.5,163.9,145.4,262.5,230.9,62.4,1778.0,104.0,0,Minor Flood,1
Kalutara,Wet,Wet,Kalu Ganga,1995,33.0,29.3,113.5,240.2,377.2,364.4,219.0,296.6,460.9,367.6,347.2,135.1,2983.8,201.3,3,Major Flood,2
Ratnapura,Wet,Wet,Kalu Ganga,1995,69.1,34.0,92.1,224.7,380.3,412.8,303.4,193.4,352.1,288.8,306.9,142.6,2800.2,116.0,2,Minor Flood,1
Kegalle,Wet,Wet,Kelani Ganga,1995,77.5,52.7,152.8,264.2,353.0,291.3,190.1,280.4,292.1,263.3,400.6,53.1,2671.1,155.6,3,Major Flood,2
Galle,Wet,Wet,Gin Ganga,1995,61.2,55.1,129.8,195.2,370.1,384.3,244.3,288.0,156.0,321.3,311.6,83.0,2599.9,128.2,2,Minor Flood,1
Matara,Wet,Wet,Nilwala Ganga,1995,81.1,32.9,95.9,148.2,275.6,322.1,218.4,191.9,291.0,325.4,304.7,106.7,2393.9,101.4,2,Minor Flood,1
Kandy,Wet,Wet,Mahaweli Ganga,1995,83.4,64.4,80.4,175.4,180.4,106.8,157.3,142.4,168.2,217.9,169.0,104.9,1650.5,65.4,0,No Flood,0
Nuwara Eliya,Wet,Wet,Mahaweli Ganga,1995,87.8,39.2,104.4,101.1,181.4,280.2,167.1,87.0,142.3,164.4,258.6,97.3,1710.9,102.4,2,Minor Flood,1
Badulla,Intermediate/Wet,Intermediate/Wet,Mahaweli Ganga,1995,116.7,73.5,82.9,109.2,162.1,120.1,101.6,24.1,147.1,107.9,254.1,298.5,1597.8,88.2,1,Minor Flood,1
Matale,Intermediate/Wet,Intermediate/Wet,Mahaweli Ganga,1995,104.6,83.5,131.7,184.4,111.0,79.2,107.2,22.6,117.8,129.1,247.3,173.9,1492.3,75.0,1,No Flood,1
Kurunegala,Intermediate,Intermediate,Deduru Oya,1995,52.4,33.6,115.4,119.7,149.6,185.3,23.6,95.4,125.0,254.9,153.6,46.0,1354.4,102.8,0,Minor Flood,1
Anuradhapura,Dry,Dry,Malwathu Oya,1995,123.4,84.3,69.8,150.9,61.5,10.0,83.2,86.0,78.7,86.7,113.1,111.4,1059.1,61.4,0,No Flood,0
Polonnaruwa,Dry,Dry,Mahaweli Ganga,1995,150.1,78.2,94.6,205.8,44.8,14.8,10.0,10.0,45.1,180.4,198.0,237.3,1269.2,98.5,0,Minor Flood,1
Hambantota,Dry,Dry,Walawe Ganga,1995,144.8,44.4,20.8,115.6,18.7,116.3,55.9,44.0,56.8,188.4,132.6,157.8,1096.1,65.1,0,No Flood,0
Monaragala,Dry/Intermediate,Dry/Intermediate,Menik Ganga,1995,96.8,77.1,79.9,86.6,86.9,86.8,14.2,55.6,65.9,99.4,212.2,196.0,1157.5,84.6,0,No Flood,0
Ampara,Dry,Dry,Gal Oya,1995,124.5,110.1,97.1,105.8,69.3,57.9,37.1,67.9,113.9,160.4,266.5,280.4,1490.7,116.4,0,Minor Flood,1
Batticaloa,Dry,Dry,Mundeni Aru,1995,167.6,112.7,50.3,127.0,15.0,41.6,134.2,10.0,69.3,71.2,158.3,327.4,1284.5,98.7,0,Minor Flood,1
Trincomalee,Dry,Dry,Mahaweli Ganga,1995,196.5,90.1,86.5,79.1,194.3,137.2,97.3,66.1,42.7,186.5,248.1,213.5,1638.0,80.9,0,No Flood,0
Jaffna,Dry,Dry,Peninsula / Coastal,1995,124.2,77.7,74.6,145.1,15.0,13.3,10.0,10.0,116.3,160.3,71.0,269.9,1087.3,119.4,0,Minor Flood,1
Kilinochchi,Dry,Dry,Kanakarayan Aru,1995,148.9,110.5,23.2,190.7,15.0,10.0,16.3,99.6,30.5,88.0,77.8,211.7,1022.3,74.9,0,No Flood,0
Mannar,Dry,Dry,Aruvi Aru,1995,157.8,36.4,42.8,109.2,120.5,10.0,76.3,22.4,15.0,155.7,156.9,152.0,1055.0,44.9,0,No Flood,0
Vavuniya,Dry,Dry,Malwathu Oya,1995,142.2,72.5,10.0,168.2,15.0,143.1,60.9,30.3,57.0,137.5,130.4,206.3,1173.3,69.0,0,No Flood,0
Mullaitivu,Dry,Dry,Nay Aru,1995,133.7,99.5,73.7,89.3,92.2,49.1,63.6,49.9,15.0,110.4,210.5,261.5,1248.4,117.2,0,Minor Flood,1
Puttalam,Dry,Dry,Deduru Oya,1995,40.8,23.1,53.4,183.0,161.2,38.0,29.6,54.5,56.6,223.8,155.0,180.4,1199.3,96.7,0,Minor Flood,1
Colombo,Wet,Wet,Kelani Ganga,1996,38.5,12.9,166.5,245.3,166.0,219.0,247.3,129.1,263.8,289.4,235.1,70.0,2082.9,108.1,0,Minor Flood,1
Gampaha,Wet,Wet,Kelani Ganga,1996,74.2,24.7,80.8,183.3,272.7,190.5,138.0,170.2,216.4,210.9,240.9,89.0,1891.6,80.3,0,No Flood,0
Kalutara,Wet,Wet,Kalu Ganga,1996,87.7,23.1,110.3,296.3,271.0,425.5,264.0,254.3,289.7,294.8,417.5,130.1,2864.2,161.3,3,Major Flood,2
Ratnapura,Wet,Wet,Kalu Ganga,1996,69.7,48.3,158.0,238.9,423.8,362.7,294.0,234.6,339.1,343.7,447.3,160.6,3120.6,159.8,3,Major Flood,2
Kegalle,Wet,Wet,Kelani Ganga,1996,93.4,71.5,123.4,274.4,280.4,363.5,252.4,183.6,354.3,181.0,201.5,116.7,2496.2,152.1,3,Major Flood,2
Galle,Wet,Wet,Gin Ganga,1996,40.9,45.0,80.1,295.5,421.2,285.8,170.3,280.9,282.9,347.8,204.1,68.6,2523.2,122.0,2,Minor Flood,1
Matara,Wet,Wet,Nilwala Ganga,1996,65.3,38.7,158.1,221.7,306.1,206.7,167.7,231.6,320.5,349.9,235.8,76.3,2378.5,137.9,2,Minor Flood,1
Kandy,Wet,Wet,Mahaweli Ganga,1996,120.2,47.6,137.5,192.3,328.8,268.8,133.6,171.6,201.2,315.4,199.8,161.0,2277.8,99.7,1,Minor Flood,1
Nuwara Eliya,Wet,Wet,Mahaweli Ganga,1996,33.7,71.6,125.1,177.6,251.4,102.6,147.1,208.3,246.2,245.1,252.5,159.5,2020.6,81.8,1,No Flood,1
Badulla,Intermediate/Wet,Intermediate/Wet,Mahaweli Ganga,1996,131.8,67.2,22.5,153.3,15.8,116.5,82.9,23.2,51.7,129.5,213.2,237.8,1245.4,93.6,1,Minor Flood,1
Matale,Intermediate/Wet,Intermediate/Wet,Mahaweli Ganga,1996,106.5,55.9,56.5,128.0,25.1,88.5,81.0,10.0,86.4,187.6,241.6,243.3,1310.3,71.5,0,No Flood,0
Kurunegala,Intermediate,Intermediate,Deduru Oya,1996,69.6,35.8,109.9,200.3,104.9,91.9,84.2,10.0,36.9,291.2,342.3,100.2,1477.1,98.0,0,Minor Flood,1
Anuradhapura,Dry,Dry,Malwathu Oya,1996,129.9,40.6,64.2,156.4,15.0,49.2,104.8,10.0,15.0,90.5,150.8,166.6,993.0,55.8,0,No Flood,0
Polonnaruwa,Dry,Dry,Mahaweli Ganga,1996,110.6,48.8,121.0,166.0,59.4,126.8,45.7,10.0,125.4,193.2,113.6,187.6,1308.1,63.4,0,No Flood,0
Hambantota,Dry,Dry,Walawe Ganga,1996,111.8,16.5,10.0,155.3,78.6,74.3,38.0,40.2,40.5,107.3,138.1,99.0,909.6,51.0,0,No Flood,0
Monaragala,Dry/Intermediate,Dry/Intermediate,Menik Ganga,1996,109.8,43.7,82.0,135.3,62.6,22.5,28.4,80.0,88.4,110.3,196.5,206.5,1166.1,77.9,0,No Flood,0
Ampara,Dry,Dry,Gal Oya,1996,172.7,67.7,53.5,90.7,68.1,10.0,15.6,20.9,15.0,208.8,107.0,245.7,1075.5,88.9,0,Minor Flood,1
Batticaloa,Dry,Dry,Mundeni Aru,1996,160.2,99.0,48.1,121.9,103.1,10.0,67.8,10.0,61.7,255.4,30.0,234.7,1201.9,86.7,0,Minor Flood,1
Trincomalee,Dry,Dry,Mahaweli Ganga,1996,162.6,89.8,85.0,193.9,44.1,50.9,10.0,56.7,26.3,141.8,216.3,298.1,1375.7,110.0,0,Minor Flood,1
Jaffna,Dry,Dry,Peninsula / Coastal,1996,166.6,73.9,95.9,94.8,15.0,10.0,10.0,10.0,29.1,237.4,175.1,214.3,1132.1,82.0,0,No Flood,0
Kilinochchi,Dry,Dry,Kanakarayan Aru,1996,162.6,79.9,36.8,129.1,48.4,62.4,10.0,10.0,57.1,219.7,225.7,222.3,1264.0,93.5,0,Minor Flood,1
Mannar,Dry,Dry,Aruvi Aru,1996,106.2,48.4,81.2,70.3,38.5,10.0,45.7,35.5,80.0,98.1,127.3,134.1,875.3,55.7,0,No Flood,0
Vavuniya,Dry,Dry,Malwathu Oya,1996,116.0,59.3,92.3,156.6,125.9,88.1,10.0,38.9,15.0,114.0,174.0,238.9,1229.1,83.2,0,No Flood,0
Mullaitivu,Dry,Dry,Nay Aru,1996,165.7,81.9,71.8,72.6,185.2,40.4,32.1,53.9,55.7,158.3,111.5,255.9,1285.0,96.7,0,Minor Flood,1
Puttalam,Dry,Dry,Deduru Oya,1996,52.4,85.5,79.4,141.3,63.0,99.4,162.5,65.2,26.9,161.0,259.7,104.6,1300.9,72.9,0,Minor Flood,1
Colombo,Wet,Wet,Kelani Ganga,1997,65.6,5.0,99.8,223.3,343.7,195.1,121.2,162.6,164.0,234.9,273.9,20.0,1909.2,120.7,0,Minor Flood,1
Gampaha,Wet,Wet,Kelani Ganga,1997,42.9,41.0,158.7,236.8,226.3,158.6,286.9,159.2,200.3,234.6,278.4,68.5,2092.2,90.3,0,Minor Flood,1
Kalutara,Wet,Wet,Kalu Ganga,1997,121.8,9.8,169.0,130.1,259.8,277.2,218.4,256.9,331.1,275.8,317.7,115.9,2483.7,108.0,2,Minor Flood,1
Ratnapura,Wet,Wet,Kalu Ganga,1997,43.0,74.4,162.3,300.2,444.5,297.6,259.6,279.2,269.3,349.6,329.6,91.4,2900.7,179.0,3,Major Flood,2
Kegalle,Wet,Wet,Kelani Ganga,1997,67.8,39.5,173.3,189.8,320.0,270.3,178.6,303.2,233.9,234.2,404.1,20.0,2434.8,131.6,2,Minor Flood,1
Galle,Wet,Wet,Gin Ganga,1997,29.9,69.5,54.6,285.2,355.4,297.6,217.4,237.7,280.4,333.7,308.3,103.9,2573.5,125.2,2,Minor Flood,1
Matara,Wet,Wet,Nilwala Ganga,1997,111.4,45.4,91.5,187.8,240.3,285.3,150.9,227.6,361.9,294.8,252.7,115.8,2365.5,102.0,2,Minor Flood,1
Kandy,Wet,Wet,Mahaweli Ganga,1997,86.1,63.9,149.8,225.9,90.2,113.0,113.5,130.9,191.1,184.6,268.8,86.1,1703.9,86.5,1,No Flood,1
Nuwara Eliya,Wet,Wet,Mahaweli Ganga,1997,37.1,25.8,136.6,143.6,268.5,118.8,258.9,139.3,197.5,231.0,287.3,41.1,1885.6,83.0,1,No Flood,1
Badulla,Intermediate/Wet,Intermediate/Wet,Mahaweli Ganga,1997,183.5,64.5,117.1,125.3,89.8,169.7,36.7,132.0,111.1,155.1,253.5,234.5,1672.7,82.7,1,Minor Flood,1
Matale,Intermediate/Wet,Intermediate/Wet,Mahaweli Ganga,1997,71.0,86.8,39.6,138.0,172.5,101.9,113.5,95.1,153.8,244.7,174.1,210.6,1601.4,88.9,1,Minor Flood,1
Kurunegala,Intermediate,Intermediate,Deduru Oya,1997,81.5,43.5,97.6,115.1,68.9,170.7,92.6,113.8,111.6,206.3,291.1,84.3,1477.1,83.3,0,Minor Flood,1
Anuradhapura,Dry,Dry,Malwathu Oya,1997,71.1,69.0,30.7,166.2,34.5,51.0,54.0,10.0,15.0,204.2,215.7,179.4,1100.7,83.0,0,No Flood,0
Polonnaruwa,Dry,Dry,Mahaweli Ganga,1997,126.0,90.1,53.3,184.2,196.4,33.5,21.3,96.0,127.2,126.0,149.7,178.7,1382.3,66.8,0,No Flood,0
Hambantota,Dry,Dry,Walawe Ganga,1997,50.1,20.8,10.0,66.8,15.0,100.5,45.6,15.7,177.4,101.8,235.2,198.1,1036.9,86.3,0,Minor Flood,1
Monaragala,Dry/Intermediate,Dry/Intermediate,Menik Ganga,1997,90.3,48.4,53.6,112.0,37.0,125.8,117.0,25.8,20.3,193.5,150.0,196.9,1170.6,62.6,0,No Flood,0
Ampara,Dry,Dry,Gal Oya,1997,205.0,99.9,43.6,134.4,28.4,73.4,59.9,75.8,15.0,163.6,63.4,164.3,1126.7,66.4,0,No Flood,0
Batticaloa,Dry,Dry,Mundeni Aru,1997,171.8,131.8,56.8,143.2,40.8,96.3,143.2,10.0,15.0,227.9,230.2,360.8,1627.6,117.4,0,Minor Flood,1
Trincomalee,Dry,Dry,Mahaweli Ganga,1997,160.9,92.2,96.8,144.7,74.5,80.0,58.0,66.8,91.7,249.2,134.8,265.0,1514.6,113.9,0,Minor Flood,1
Jaffna,Dry,Dry,Peninsula / Coastal,1997,137.4,81.6,94.7,76.0,55.6,10.0,24.9,72.8,37.1,136.5,62.1,257.6,1046.2,99.9,0,Minor Flood,1
Kilinochchi,Dry,Dry,Kanakarayan Aru,1997,174.6,80.5,70.0,99.0,69.9,35.6,81.0,10.0,39.8,166.1,147.2,193.2,1166.7,77.3,0,No Flood,0
Mannar,Dry,Dry,Aruvi Aru,1997,118.4,49.9,90.9,41.3,15.0,48.4,94.1,19.0,15.0,238.7,47.5,69.0,847.3,73.5,0,No Flood,0
Vavuniya,Dry,Dry,Malwathu Oya,1997,140.1,88.6,95.6,167.5,28.4,10.0,24.3,52.4,15.0,241.2,217.7,182.4,1263.3,77.0,0,No Flood,0
Mullaitivu,Dry,Dry,Nay Aru,1997,114.7,110.0,59.5,159.7,58.2,56.0,52.2,42.2,63.1,221.4,172.1,262.6,1371.8,109.1,0,Minor Flood,1
Puttalam,Dry,Dry,Deduru Oya,1997,58.3,45.7,83.5,103.9,15.0,43.2,13.9,42.7,15.0,199.1,144.6,180.6,945.5,71.2,0,No Flood,0
Colombo,Wet,Wet,Kelani Ganga,1998,34.1,7.6,166.9,152.4,293.9,150.4,180.8,169.6,190.2,177.7,221.3,39.7,1784.6,131.6,0,Minor Flood,1
Gampaha,Wet,Wet,Kelani Ganga,1998,42.2,5.0,134.8,201.8,197.4,187.2,158.1,54.6,161.1,164.2,165.6,51.8,1523.9,76.0,0,No Flood,0
Kalutara,Wet,Wet,Kalu Ganga,1998,74.7,40.2,95.9,187.7,350.7,254.9,317.4,230.5,294.9,293.9,246.9,132.2,2520.0,146.8,2,Minor Flood,1
Ratnapura,Wet,Wet,Kalu Ganga,1998,94.5,38.1,178.9,189.1,452.9,317.6,216.8,206.3,271.1,292.1,334.0,67.0,2658.4,177.5,3,Major Flood,2
Kegalle,Wet,Wet,Kelani Ganga,1998,128.0,28.0,79.7,230.1,244.7,303.8,197.9,210.6,311.8,239.5,337.5,127.4,2439.0,118.9,2,Minor Flood,1
Galle,Wet,Wet,Gin Ganga,1998,23.2,5.0,108.4,230.8,398.9,239.9,258.8,191.2,236.7,285.5,303.9,20.0,2302.2,173.6,3,Major Flood,2
Matara,Wet,Wet,Nilwala Ganga,1998,63.3,5.0,137.0,208.8,300.1,209.3,209.4,167.0,144.8,215.8,236.0,130.9,2027.4,110.3,2,Minor Flood,1
Kandy,Wet,Wet,Mahaweli Ganga,1998,97.9,5.0,75.9,116.3,96.7,211.9,102.0,126.7,141.2,226.9,228.1,43.5,1472.1,76.9,1,No Flood,1
Nuwara Eliya,Wet,Wet,Mahaweli Ganga,1998,58.9,61.0,103.2,99.9,153.1,205.5,181.7,180.5,228.2,186.1,238.9,166.6,1863.7,102.2,2,Minor Flood,1
Badulla,Intermediate/Wet,Intermediate/Wet,Mahaweli Ganga,1998,97.4,53.8,69.6,131.8,123.6,73.1,89.4,48.5,69.7,44.2,244.2,178.9,1224.1,87.2,1,Minor Flood,1
Matale,Intermediate/Wet,Intermediate/Wet,Mahaweli Ganga,1998,47.5,114.3,42.7,143.9,38.1,115.5,79.1,35.1,131.4,147.4,212.5,109.7,1217.2,89.8,1,Minor Flood,1
Kurunegala,Intermediate,Intermediate,Deduru Oya,1998,65.3,41.5,149.9,142.1,128.3,155.1,131.8,122.7,127.7,109.2,306.2,38.4,1518.1,91.3,0,Minor Flood,1
Anuradhapura,Dry,Dry,Malwathu Oya,1998,117.4,46.2,64.1,157.4,77.5,56.2,10.0,10.0,88.2,157.3,185.3,175.4,1145.0,65.6,0,No Flood,0
Polonnaruwa,Dry,Dry,Mahaweli Ganga,1998,103.9,62.3,54.6,111.7,15.0,10.0,107.6,10.0,15.0,25.0,112.3,101.4,728.9,35.8,0,No Flood,0
Hambantota,Dry,Dry,Walawe Ganga,1998,69.6,22.3,86.5,161.4,15.0,23.5,48.8,87.3,31.1,121.9,63.3,25.1,755.9,56.1,0,No Flood,0
Monaragala,Dry/Intermediate,Dry/Intermediate,Menik Ganga,1998,117.9,100.1,104.3,139.2,101.1,100.4,80.3,53.6,59.1,139.8,112.5,129.5,1237.7,50.7,0,No Flood,0
Ampara,Dry,Dry,Gal Oya,1998,105.2,50.8,89.0,86.4,15.0,58.3,98.9,59.1,15.0,41.5,145.1,189.5,953.8,75.0,0,No Flood,0
Batticaloa,Dry,Dry,Mundeni Aru,1998,152.6,56.6,44.8,129.5,15.0,54.1,24.8,45.6,41.1,225.4,169.7,211.8,1171.0,99.6,0,Minor Flood,1
Trincomalee,Dry,Dry,Mahaweli Ganga,1998,164.8,82.5,51.3,127.2,73.6,10.0,82.5,16.2,22.1,181.8,202.4,174.3,1188.6,66.1,0,No Flood,0
Jaffna,Dry,Dry,Peninsula / Coastal,1998,115.7,93.3,30.6,105.6,15.0,132.9,10.0,31.2,55.6,141.1,118.7,185.0,1034.7,52.5,0,No Flood,0
Kilinochchi,Dry,Dry,Kanakarayan Aru,1998,149.8,98.7,10.0,110.7,120.3,10.0,37.2,21.1,47.6,76.7,45.1,89.8,817.1,60.2,0,No Flood,0
Mannar,Dry,Dry,Aruvi Aru,1998,114.2,88.1,36.5,80.7,15.0,10.0,10.0,10.0,25.6,63.2,138.3,77.8,669.4,59.4,0,No Flood,0
Vavuniya,Dry,Dry,Malwathu Oya,1998,119.3,102.2,18.7,50.7,78.0,129.4,13.9,92.6,34.7,82.2,74.1,199.0,994.6,73.8,0,No Flood,0
Mullaitivu,Dry,Dry,Nay Aru,1998,124.1,52.4,31.8,149.4,98.2,59.3,10.0,10.0,87.6,131.6,289.2,217.1,1260.7,85.4,0,Minor Flood,1
Puttalam,Dry,Dry,Deduru Oya,1998,59.9,47.8,77.9,140.0,15.0,10.0,10.0,28.0,52.2,186.1,106.4,33.6,767.0,66.2,0,No Flood,0
Colombo,Wet,Wet,Kelani Ganga,1999,70.0,27.9,125.8,219.6,273.5,284.9,189.6,238.5,272.6,306.4,271.2,64.5,2344.4,106.8,0,Minor Flood,1
Gampaha,Wet,Wet,Kelani Ganga,1999,67.4,12.0,115.3,212.2,333.9,260.9,188.6,206.6,290.8,295.1,295.0,20.0,2297.9,116.1,0,Minor Flood,1
Kalutara,Wet,Wet,Kalu Ganga,1999,54.5,15.6,156.4,264.4,318.1,343.8,170.9,287.6,365.2,275.1,398.2,35.1,2684.9,155.5,3,Major Flood,2
Ratnapura,Wet,Wet,Kalu Ganga,1999,73.2,73.4,153.3,262.9,408.0,377.4,296.5,294.6,374.3,340.3,411.1,181.6,3246.7,136.5,2,Minor Flood,1
Kegalle,Wet,Wet,Kelani Ganga,1999,81.2,83.9,106.1,246.8,390.8,401.1,258.5,211.0,388.6,295.0,410.3,145.0,3018.1,115.7,2,Minor Flood,1
Galle,Wet,Wet,Gin Ganga,1999,54.3,5.0,113.4,256.6,291.2,344.4,267.5,269.0,318.9,238.2,411.4,98.9,2668.7,122.0,2,Minor Flood,1
Matara,Wet,Wet,Nilwala Ganga,1999,34.0,34.6,157.2,192.3,214.0,288.5,209.2,136.8,304.2,291.5,388.2,43.2,2293.6,137.6,2,Minor Flood,1
Kandy,Wet,Wet,Mahaweli Ganga,1999,105.3,39.3,175.4,181.3,266.9,211.2,215.6,206.4,184.8,207.7,314.5,103.5,2211.7,115.4,2,Minor Flood,1
Nuwara Eliya,Wet,Wet,Mahaweli Ganga,1999,77.7,48.1,114.0,180.2,211.3,293.9,139.0,114.8,247.7,313.7,245.4,107.9,2093.7,93.1,1,Minor Flood,1
Badulla,Intermediate/Wet,Intermediate/Wet,Mahaweli Ganga,1999,162.1,88.0,121.5,139.8,16.6,165.0,57.4,55.9,150.4,242.7,265.1,314.3,1778.8,90.2,1,Minor Flood,1
Matale,Intermediate/Wet,Intermediate/Wet,Mahaweli Ganga,1999,163.9,106.9,110.1,186.7,69.2,124.3,110.1,69.5,69.5,123.7,112.7,101.0,1347.8,71.7,0,No Flood,0
Kurunegala,Intermediate,Intermediate,Deduru Oya,1999,73.0,38.1,108.4,216.9,199.9,101.7,97.1,107.2,109.7,323.2,287.0,158.9,1821.1,133.2,0,Major Flood,2
Anuradhapura,Dry,Dry,Malwathu Oya,1999,91.8,75.5,78.5,128.8,49.9,44.8,75.8,59.1,47.3,67.5,208.8,219.3,1147.0,81.6,0,No Flood,0
Polonnaruwa,Dry,Dry,Mahaweli Ganga,1999,143.4,128.4,93.3,71.3,110.1,76.3,103.8,68.9,46.5,101.0,182.7,171.2,1296.7,76.0,0,No Flood,0
Hambantota,Dry,Dry,Walawe Ganga,1999,89.9,18.3,90.3,185.4,52.5,18.1,71.4,112.2,15.0,90.6,147.1,88.7,979.5,79.5,0,No Flood,0
Monaragala,Dry/Intermediate,Dry/Intermediate,Menik Ganga,1999,160.9,57.4,86.9,186.1,15.0,10.0,10.0,104.5,41.1,336.7,169.4,192.4,1370.3,127.5,0,Minor Flood,1
Ampara,Dry,Dry,Gal Oya,1999,208.4,127.7,125.2,180.0,18.1,90.5,38.9,88.5,101.6,135.5,257.9,285.9,1658.2,105.2,0,Minor Flood,1
Batticaloa,Dry,Dry,Mundeni Aru,1999,162.8,102.4,58.6,74.2,41.4,34.8,100.8,55.2,15.0,294.4,285.4,326.7,1551.8,98.1,0,Minor Flood,1
Trincomalee,Dry,Dry,Mahaweli Ganga,1999,200.4,89.3,112.3,64.2,15.0,66.5,10.0,10.0,19.4,220.7,73.0,275.6,1156.5,121.3,0,Minor Flood,1
Jaffna,Dry,Dry,Peninsula / Coastal,1999,145.3,55.3,80.3,99.2,15.0,10.0,24.9,94.9,113.6,120.8,127.7,267.7,1154.7,102.7,0,Minor Flood,1
Kilinochchi,Dry,Dry,Kanakarayan Aru,1999,162.0,73.0,79.3,132.4,15.0,10.0,45.4,18.1,15.0,101.6,156.9,315.0,1123.7,129.8,0,Minor Flood,1
Mannar,Dry,Dry,Aruvi Aru,1999,127.0,55.9,10.0,148.7,81.3,18.6,29.2,44.6,15.0,107.8,208.6,135.7,982.6,65.4,0,No Flood,0
Vavuniya,Dry,Dry,Malwathu Oya,1999,104.0,124.6,71.1,141.5,15.0,25.1,13.5,10.0,69.8,130.0,242.8,346.8,1294.3,103.9,0,Minor Flood,1
Mullaitivu,Dry,Dry,Nay Aru,1999,172.6,103.8,74.0,112.9,15.0,41.1,10.0,10.0,56.2,211.2,30.0,201.4,1038.1,82.5,0,No Flood,0
Puttalam,Dry,Dry,Deduru Oya,1999,75.4,53.3,122.0,151.1,35.3,62.5,24.0,72.1,25.6,152.5,281.6,106.6,1162.0,103.7,0,Minor Flood,1
Colombo,Wet,Wet,Kelani Ganga,2000,32.9,33.5,110.6,186.5,249.8,186.9,182.7,199.3,160.1,230.8,327.5,90.5,1991.2,112.9,0,Minor Flood,1
Gampaha,Wet,Wet,Kelani Ganga,2000,49.0,5.0,125.4,155.0,342.1,256.7,142.0,199.9,192.6,274.8,283.1,29.4,2055.1,141.9,0,Minor Flood,1
Kalutara,Wet,Wet,Kalu Ganga,2000,75.4,21.7,112.7,243.5,331.6,295.7,270.6,266.2,290.1,206.1,262.5,95.0,2471.2,142.6,2,Minor Flood,1
Ratnapura,Wet,Wet,Kalu Ganga,2000,67.7,65.5,124.8,254.3,316.5,356.9,260.0,285.5,372.5,446.1,364.8,120.7,3035.4,130.9,2,Minor Flood,1
Kegalle,Wet,Wet,Kelani Ganga,2000,38.6,44.5,125.6,230.2,449.1,318.1,226.8,142.2,272.2,346.8,296.0,20.0,2510.1,189.0,3,Major Flood,2
Galle,Wet,Wet,Gin Ganga,2000,33.7,22.5,136.1,227.8,310.4,268.2,211.6,173.3,348.2,234.2,364.3,167.4,2497.9,123.8,2,Minor Flood,1
Matara,Wet,Wet,Nilwala Ganga,2000,51.9,54.8,105.5,199.3,323.4,226.1,266.2,149.9,227.8,270.0,235.3,123.7,2234.0,125.9,2,Minor Flood,1
Kandy,Wet,Wet,Mahaweli Ganga,2000,78.6,80.7,64.6,148.6,221.0,176.7,150.0,142.6,188.3,282.8,269.9,105.4,1909.1,111.4,2,Minor Flood,1
Nuwara Eliya,Wet,Wet,Mahaweli Ganga,2000,47.1,42.6,40.2,78.5,230.3,250.7,168.0,141.0,173.3,152.2,220.4,132.0,1676.3,106.8,2,Minor Flood,1
Badulla,Intermediate/Wet,Intermediate/Wet,Mahaweli Ganga,2000,126.1,57.7,100.4,170.0,31.0,131.2,37.4,88.7,90.1,289.2,186.8,158.7,1467.3,81.6,1,Minor Flood,1
Matale,Intermediate/Wet,Intermediate/Wet,Mahaweli Ganga,2000,61.9,54.7,26.8,170.5,166.0,47.7,92.0,102.6,129.9,184.3,240.6,137.1,1414.2,68.8,0,No Flood,0
Kurunegala,Intermediate,Intermediate,Deduru Oya,2000,68.9,60.5,57.0,167.0,185.3,136.9,98.0,122.1,15.0,234.5,175.6,20.0,1340.7,96.5,0,Minor Flood,1
Anuradhapura,Dry,Dry,Malwathu Oya,2000,122.8,60.5,121.9,64.5,120.8,129.4,10.0,62.1,15.0,136.0,134.3,36.4,1013.8,53.2,0,No Flood,0
Polonnaruwa,Dry,Dry,Mahaweli Ganga,2000,120.5,76.3,66.5,189.0,18.1,58.7,10.0,10.0,15.1,146.9,139.8,148.0,998.9,84.1,0,No Flood,0
Hambantota,Dry,Dry,Walawe Ganga,2000,65.8,5.0,72.3,59.4,17.6,29.4,41.1,46.4,112.9,99.5,182.2,247.4,979.2,81.6,0,No Flood,0
Monaragala,Dry/Intermediate,Dry/Intermediate,Menik Ganga,2000,96.6,69.3,74.9,97.1,52.2,23.1,98.7,47.0,153.8,152.9,130.1,80.9,1076.7,54.1,0,No Flood,0
Ampara,Dry,Dry,Gal Oya,2000,159.2,73.3,88.4,182.4,102.8,14.8,40.1,10.0,15.0,169.7,113.7,104.8,1074.1,62.5,0,No Flood,0
Batticaloa,Dry,Dry,Mundeni Aru,2000,158.3,71.1,64.6,130.3,26.1,10.0,35.5,43.3,15.0,241.2,169.7,255.4,1220.5,99.1,0,Minor Flood,1
Trincomalee,Dry,Dry,Mahaweli Ganga,2000,152.0,96.7,76.7,146.6,51.0,10.0,10.0,10.0,173.0,120.0,40.4,265.0,1151.4,107.0,0,Minor Flood,1
Jaffna,Dry,Dry,Peninsula / Coastal,2000,158.4,83.1,36.1,174.0,15.0,73.9,67.4,10.0,95.7,111.7,161.4,221.8,1208.5,96.7,0,Minor Flood,1
Kilinochchi,Dry,Dry,Kanakarayan Aru,2000,84.5,58.4,10.0,155.9,130.8,70.4,10.0,82.3,16.7,61.3,88.3,180.7,949.4,51.4,0,No Flood,0
Mannar,Dry,Dry,Aruvi Aru,2000,141.8,88.5,35.3,88.6,15.0,10.0,65.8,85.1,15.0,83.7,132.5,183.6,944.9,72.9,0,No Flood,0
Vavuniya,Dry,Dry,Malwathu Oya,2000,116.3,42.3,58.9,90.0,33.5,55.4,10.0,11.2,15.0,112.9,144.9,194.1,884.4,83.7,0,No Flood,0
Mullaitivu,Dry,Dry,Nay Aru,2000,167.7,84.3,55.5,126.9,15.0,10.0,10.0,28.8,116.0,268.1,192.4,240.3,1315.1,95.1,0,Minor Flood,1
Puttalam,Dry,Dry,Deduru Oya,2000,53.1,26.8,30.7,92.6,67.0,80.6,88.0,10.0,43.6,90.1,162.8,240.7,985.9,83.8,0,No Flood,0
Colombo,Wet,Wet,Kelani Ganga,2001,59.0,56.7,39.1,160.9,162.5,162.7,253.4,63.1,169.5,201.7,265.9,53.9,1648.3,80.4,0,No Flood,0
Gampaha,Wet,Wet,Kelani Ganga,2001,25.6,24.9,53.5,171.4,165.1,93.6,121.2,127.3,154.9,230.8,94.9,20.0,1283.1,72.6,0,No Flood,0
Kalutara,Wet,Wet,Kalu Ganga,2001,26.1,50.2,26.6,293.9,337.1,252.7,190.7,188.5,251.5,245.9,269.2,68.2,2200.5,105.9,2,Minor Flood,1
Ratnapura,Wet,Wet,Kalu Ganga,2001,79.5,23.9,91.5,217.6,425.6,261.6,289.7,175.1,282.8,284.5,219.1,41.0,2391.9,145.1,2,Minor Flood,1
Kegalle,Wet,Wet,Kelani Ganga,2001,28.4,41.7,116.8,184.3,299.4,251.6,151.7,182.8,250.7,246.9,304.1,104.0,2162.4,128.9,2,Minor Flood,1
Galle,Wet,Wet,Gin Ganga,2001,24.9,28.7,58.7,153.7,145.5,133.6,163.6,135.9,206.2,182.3,216.2,99.0,1548.5,71.5,0,No Flood,0
Matara,Wet,Wet,Nilwala Ganga,2001,41.0,6.4,98.2,183.1,129.6,161.4,125.0,108.7,227.7,167.6,184.4,20.0,1453.0,72.5,0,No Flood,0
Kandy,Wet,Wet,Mahaweli Ganga,2001,58.7,32.0,21.5,180.1,91.5,142.8,101.2,132.5,227.0,85.0,140.5,97.7,1310.3,89.9,1,No Flood,1
Nuwara Eliya,Wet,Wet,Mahaweli Ganga,2001,73.7,10.3,82.9,147.6,230.2,285.0,135.3,87.4,135.9,50.7,131.2,62.8,1433.1,110.3,2,Minor Flood,1
Badulla,Intermediate/Wet,Intermediate/Wet,Mahaweli Ganga,2001,69.4,47.6,87.5,67.9,15.0,114.0,33.9,11.2,90.3,105.1,218.0,99.1,959.0,94.1,1,Minor Flood,1
Matale,Intermediate/Wet,Intermediate/Wet,Mahaweli Ganga,2001,103.2,42.8,68.1,100.5,93.3,39.1,10.0,44.7,134.8,184.4,207.7,189.2,1217.6,92.2,1,Minor Flood,1
Kurunegala,Intermediate,Intermediate,Deduru Oya,2001,24.0,49.2,69.8,106.9,68.9,91.0,85.6,56.6,15.0,146.6,70.1,67.9,851.6,50.2,0,No Flood,0
Anuradhapura,Dry,Dry,Malwathu Oya,2001,62.9,39.0,30.5,140.0,55.3,46.5,53.2,10.0,81.4,96.3,157.0,64.0,836.1,60.2,0,No Flood,0
Polonnaruwa,Dry,Dry,Mahaweli Ganga,2001,69.6,40.6,87.2,123.4,106.2,10.0,99.1,10.0,43.9,103.1,68.9,66.6,828.6,35.8,0,No Flood,0
Hambantota,Dry,Dry,Walawe Ganga,2001,54.6,9.7,66.3,61.4,39.8,10.0,10.0,27.0,164.7,147.9,112.1,70.2,773.7,73.1,0,No Flood,0
Monaragala,Dry/Intermediate,Dry/Intermediate,Menik Ganga,2001,126.0,46.3,83.1,66.6,60.8,124.6,27.1,42.3,93.1,73.1,30.0,130.4,903.5,44.7,0,No Flood,0
Ampara,Dry,Dry,Gal Oya,2001,108.1,58.8,54.2,100.8,22.3,106.0,10.0,10.0,24.2,25.0,114.6,244.8,878.7,70.9,0,No Flood,0
Batticaloa,Dry,Dry,Mundeni Aru,2001,136.3,69.3,45.3,69.5,15.0,10.0,36.2,10.0,44.2,202.4,153.5,172.6,964.3,78.5,0,No Flood,0
Trincomalee,Dry,Dry,Mahaweli Ganga,2001,149.8,40.9,24.7,40.7,21.7,54.8,69.6,20.1,15.0,121.1,71.7,276.0,906.0,83.6,0,Minor Flood,1
Jaffna,Dry,Dry,Peninsula / Coastal,2001,101.7,67.7,41.8,20.0,15.0,32.2,54.7,10.0,129.0,25.0,70.5,152.6,720.2,47.0,0,No Flood,0
Kilinochchi,Dry,Dry,Kanakarayan Aru,2001,62.1,48.9,31.2,105.4,15.0,46.7,110.0,10.0,31.5,61.1,141.1,152.9,815.9,62.5,0,No Flood,0
Mannar,Dry,Dry,Aruvi Aru,2001,79.8,20.6,10.4,106.0,107.3,79.8,27.2,10.0,19.3,183.3,141.0,117.0,901.8,58.5,0,No Flood,0
Vavuniya,Dry,Dry,Malwathu Oya,2001,56.9,61.1,70.6,63.8,15.0,39.5,10.0,16.6,129.5,86.0,90.1,104.8,744.0,45.0,0,No Flood,0
Mullaitivu,Dry,Dry,Nay Aru,2001,70.3,25.7,51.5,87.9,32.8,53.0,72.5,10.0,42.4,25.0,203.0,99.5,773.7,65.1,0,No Flood,0
Puttalam,Dry,Dry,Deduru Oya,2001,60.2,14.2,39.2,123.0,54.0,71.2,122.5,10.0,120.1,123.9,73.9,26.6,838.7,53.5,0,No Flood,0
Colombo,Wet,Wet,Kelani Ganga,2002,50.6,49.1,129.5,308.0,247.1,294.3,179.5,230.8,319.5,279.4,173.5,95.9,2357.3,133.5,0,Minor Flood,1
Gampaha,Wet,Wet,Kelani Ganga,2002,48.9,52.9,160.1,269.2,245.7,288.3,218.7,238.1,220.8,194.9,376.6,20.0,2334.1,108.9,0,Minor Flood,1
Kalutara,Wet,Wet,Kalu Ganga,2002,44.7,18.2,179.5,249.5,520.4,447.0,261.4,283.7,455.3,304.8,378.9,134.9,3278.3,178.5,3,Major Flood,2
Ratnapura,Wet,Wet,Kalu Ganga,2002,125.0,14.7,149.7,320.6,609.4,461.4,375.4,301.6,441.2,389.6,328.0,177.2,3694.0,244.6,3,Major Flood,2
Kegalle,Wet,Wet,Kelani Ganga,2002,67.8,48.0,214.7,411.9,485.5,387.1,341.0,326.1,353.8,461.5,413.0,145.3,3655.6,196.1,3,Major Flood,2
Galle,Wet,Wet,Gin Ganga,2002,66.8,56.5,130.1,293.1,350.2,316.7,349.9,314.5,384.3,339.5,220.5,116.7,2938.8,118.3,2,Minor Flood,1
Matara,Wet,Wet,Nilwala Ganga,2002,89.3,56.9,128.8,252.7,305.8,332.3,320.2,279.8,351.8,317.5,354.3,78.8,2868.1,142.5,2,Minor Flood,1
Kandy,Wet,Wet,Mahaweli Ganga,2002,93.6,60.7,132.0,287.1,190.8,207.2,126.6,121.7,225.2,333.6,278.4,193.4,2250.3,128.9,2,Minor Flood,1
Nuwara Eliya,Wet,Wet,Mahaweli Ganga,2002,124.3,57.4,109.3,229.3,185.8,278.4,160.1,135.1,164.7,342.0,268.7,222.9,2278.1,99.7,1,Minor Flood,1
Badulla,Intermediate/Wet,Intermediate/Wet,Mahaweli Ganga,2002,131.7,101.6,157.6,165.4,88.9,93.2,105.4,68.2,164.0,304.7,188.3,258.3,1827.2,107.0,2,Minor Flood,1
Matale,Intermediate/Wet,Intermediate/Wet,Mahaweli Ganga,2002,133.4,85.1,70.0,145.4,156.4,117.4,97.3,57.5,100.3,170.6,312.2,275.4,1720.8,109.8,2,Minor Flood,1
Kurunegala,Intermediate,Intermediate,Deduru Oya,2002,60.8,15.9,86.9,181.1,62.2,141.0,160.6,56.7,142.0,279.3,282.1,146.9,1615.5,83.4,0,Minor Flood,1
Anuradhapura,Dry,Dry,Malwathu Oya,2002,174.5,100.5,38.4,176.9,111.3,10.0,81.1,102.1,15.0,121.9,265.2,220.0,1416.9,116.9,0,Minor Flood,1
Polonnaruwa,Dry,Dry,Mahaweli Ganga,2002,149.4,91.5,135.9,188.7,21.2,149.3,53.6,37.1,43.8,99.2,214.0,265.7,1449.4,112.3,0,Minor Flood,1
Hambantota,Dry,Dry,Walawe Ganga,2002,108.1,31.8,76.7,136.8,107.5,64.5,60.4,93.9,55.6,80.5,312.8,215.3,1343.7,121.5,0,Minor Flood,1
Monaragala,Dry/Intermediate,Dry/Intermediate,Menik Ganga,2002,152.9,54.3,101.1,190.4,52.1,39.4,143.1,48.8,158.1,266.2,258.7,229.0,1694.1,111.8,0,Minor Flood,1
Ampara,Dry,Dry,Gal Oya,2002,184.3,116.2,100.5,110.2,114.8,99.7,10.0,42.1,85.8,184.0,290.9,402.0,1740.4,130.9,0,Major Flood,2
Batticaloa,Dry,Dry,Mundeni Aru,2002,235.9,114.4,123.5,193.3,180.7,10.0,74.2,10.0,15.0,84.3,267.2,344.6,1653.1,100.2,0,Minor Flood,1
Trincomalee,Dry,Dry,Mahaweli Ganga,2002,179.8,124.7,74.4,157.9,64.2,10.0,43.6,13.0,26.9,283.2,139.5,341.7,1458.8,104.9,0,Minor Flood,1
Jaffna,Dry,Dry,Peninsula / Coastal,2002,190.5,77.5,77.2,142.4,15.0,53.4,10.0,10.0,39.4,67.5,48.6,301.8,1033.2,102.7,0,Minor Flood,1
Kilinochchi,Dry,Dry,Kanakarayan Aru,2002,183.4,106.2,93.9,133.5,39.5,57.9,37.0,10.0,27.2,125.8,210.4,415.9,1440.7,130.1,0,Major Flood,2
Mannar,Dry,Dry,Aruvi Aru,2002,154.2,96.8,74.0,134.4,18.4,116.4,10.0,41.4,15.0,189.3,109.5,260.8,1220.2,78.2,0,Minor Flood,1
Vavuniya,Dry,Dry,Malwathu Oya,2002,179.2,104.4,40.0,145.9,15.0,10.0,27.1,21.4,164.3,202.9,109.5,212.6,1232.4,67.5,0,No Flood,0
Mullaitivu,Dry,Dry,Nay Aru,2002,185.3,110.3,14.6,200.3,127.5,10.0,82.0,72.6,38.7,99.1,265.0,271.7,1477.1,105.3,0,Minor Flood,1
Puttalam,Dry,Dry,Deduru Oya,2002,79.7,60.1,62.5,177.9,29.8,53.3,14.2,80.1,111.7,192.3,234.7,91.0,1187.3,82.4,0,No Flood,0
Colombo,Wet,Wet,Kelani Ganga,2003,64.1,21.0,218.2,330.5,328.6,389.9,334.4,260.5,342.9,379.9,269.0,92.2,3031.1,161.6,0,Major Flood,2
Gampaha,Wet,Wet,Kelani Ganga,2003,38.8,35.8,128.2,280.2,431.7,292.5,250.4,233.6,336.8,213.2,352.1,122.2,2715.5,148.4,0,Minor Flood,1
Kalutara,Wet,Wet,Kalu Ganga,2003,77.5,74.0,155.4,321.2,491.7,426.7,391.8,342.1,555.0,412.2,566.7,180.4,3994.7,159.5,3,Major Flood,2
Ratnapura,Wet,Wet,Kalu Ganga,2003,120.7,35.2,191.9,367.3,627.5,555.4,384.6,386.1,510.1,539.7,554.7,201.9,4475.1,261.4,3,Major Flood,2
Kegalle,Wet,Wet,Kelani Ganga,2003,62.7,51.9,214.9,400.3,486.7,494.1,380.9,338.2,454.3,430.7,505.0,214.2,4033.9,197.6,3,Major Flood,2
Galle,Wet,Wet,Gin Ganga,2003,96.1,69.6,141.6,336.4,613.9,435.0,318.6,300.9,361.7,347.3,419.6,71.8,3512.4,266.6,3,Major Flood,2
Matara,Wet,Wet,Nilwala Ganga,2003,50.5,47.7,169.1,282.4,537.7,392.2,380.5,326.9,432.0,305.3,424.0,129.3,3477.7,208.7,3,Major Flood,2
Kandy,Wet,Wet,Mahaweli Ganga,2003,88.1,47.3,165.1,235.4,323.6,192.6,247.0,142.1,271.2,373.9,333.2,211.8,2631.3,110.3,2,Minor Flood,1
Nuwara Eliya,Wet,Wet,Mahaweli Ganga,2003,87.2,90.3,128.3,261.2,325.1,329.1,219.4,226.0,222.4,394.7,409.0,157.9,2850.7,183.8,3,Major Flood,2
Badulla,Intermediate/Wet,Intermediate/Wet,Mahaweli Ganga,2003,184.6,104.2,135.9,164.8,181.0,150.2,49.9,78.0,109.7,270.3,334.9,345.6,2109.1,115.2,2,Minor Flood,1
Matale,Intermediate/Wet,Intermediate/Wet,Mahaweli Ganga,2003,139.6,108.1,156.8,242.0,224.5,242.4,156.6,116.9,213.6,372.1,415.1,239.3,2627.0,143.7,2,Major Flood,2
Kurunegala,Intermediate,Intermediate,Deduru Oya,2003,116.9,30.0,143.0,161.0,234.7,218.3,112.5,132.5,260.1,271.3,270.5,236.5,2187.3,119.4,0,Minor Flood,1
Anuradhapura,Dry,Dry,Malwathu Oya,2003,156.6,61.5,124.7,212.8,15.0,108.6,70.4,10.0,15.0,231.2,209.0,334.6,1549.5,131.7,0,Minor Flood,1
Polonnaruwa,Dry,Dry,Mahaweli Ganga,2003,174.3,108.3,148.1,222.7,111.2,99.3,62.9,78.2,15.0,214.2,276.7,226.6,1737.5,90.5,0,Minor Flood,1
Hambantota,Dry,Dry,Walawe Ganga,2003,114.7,76.9,39.2,214.2,62.5,90.4,120.2,82.2,107.9,256.8,262.8,155.5,1583.3,113.2,0,Minor Flood,1
Monaragala,Dry/Intermediate,Dry/Intermediate,Menik Ganga,2003,172.3,70.9,133.4,172.7,126.1,138.9,76.8,90.0,65.5,231.8,260.7,206.3,1745.4,76.1,0,Minor Flood,1
Ampara,Dry,Dry,Gal Oya,2003,198.8,105.5,49.6,179.3,15.0,42.1,24.6,89.9,15.0,186.3,236.2,305.9,1448.4,104.1,0,Minor Flood,1
Batticaloa,Dry,Dry,Mundeni Aru,2003,243.1,145.0,124.4,175.6,36.8,10.0,42.1,10.0,79.4,136.4,250.7,410.9,1664.5,155.6,0,Major Flood,2
Trincomalee,Dry,Dry,Mahaweli Ganga,2003,199.2,127.2,58.7,219.8,23.2,64.0,10.0,32.1,15.0,92.7,296.2,437.3,1575.4,172.0,0,Major Flood,2
Jaffna,Dry,Dry,Peninsula / Coastal,2003,220.9,123.4,98.1,83.1,32.6,85.8,32.6,10.0,38.0,299.4,302.9,321.7,1648.4,109.8,0,Minor Flood,1
Kilinochchi,Dry,Dry,Kanakarayan Aru,2003,195.4,133.5,75.6,91.1,26.0,66.2,50.9,10.0,28.1,369.9,154.7,347.7,1549.1,138.3,0,Minor Flood,1
Mannar,Dry,Dry,Aruvi Aru,2003,206.6,70.9,87.7,106.9,15.0,10.0,10.0,10.3,15.0,235.6,137.0,274.9,1179.9,94.5,0,Minor Flood,1
Vavuniya,Dry,Dry,Malwathu Oya,2003,169.4,125.4,94.8,135.9,85.7,77.8,66.9,10.0,16.6,168.2,211.5,311.1,1473.3,101.0,0,Minor Flood,1
Mullaitivu,Dry,Dry,Nay Aru,2003,228.7,144.2,72.2,188.0,15.0,19.7,37.8,10.0,15.0,168.7,253.9,325.6,1478.8,117.1,0,Minor Flood,1
Puttalam,Dry,Dry,Deduru Oya,2003,163.8,64.8,105.2,149.4,215.0,16.9,122.3,49.2,51.2,177.0,430.7,203.9,1749.4,187.3,0,Major Flood,2
Colombo,Wet,Wet,Kelani Ganga,2004,44.2,96.0,13.4,210.0,173.2,182.4,132.4,106.2,128.3,193.4,96.7,86.5,1462.7,65.0,0,No Flood,0
Gampaha,Wet,Wet,Kelani Ganga,2004,65.2,9.5,116.4,111.9,192.1,129.9,155.7,66.9,179.2,174.8,147.4,45.6,1394.7,54.4,0,No Flood,0
Kalutara,Wet,Wet,Kalu Ganga,2004,43.4,48.7,69.1,198.2,262.0,238.3,197.3,187.2,219.6,220.1,335.7,113.0,2132.5,112.1,2,Minor Flood,1
Ratnapura,Wet,Wet,Kalu Ganga,2004,58.7,38.7,66.7,138.2,345.1,303.9,152.6,133.6,229.8,170.4,192.4,20.0,1850.1,145.6,2,Minor Flood,1
Kegalle,Wet,Wet,Kelani Ganga,2004,60.1,20.7,97.9,117.9,261.0,76.2,172.2,100.3,271.0,248.2,257.1,144.7,1827.3,117.5,2,Minor Flood,1
Galle,Wet,Wet,Gin Ganga,2004,58.3,38.5,102.4,110.0,141.5,137.6,160.0,181.6,145.7,245.8,181.6,44.0,1546.9,83.1,1,No Flood,1
Matara,Wet,Wet,Nilwala Ganga,2004,71.5,17.6,89.0,122.8,116.9,213.0,73.5,143.6,117.8,298.4,260.8,69.0,1593.9,101.0,2,Minor Flood,1
Kandy,Wet,Wet,Mahaweli Ganga,2004,78.0,56.5,128.3,164.3,129.8,169.0,121.8,112.7,126.5,107.7,115.9,83.3,1393.8,75.5,1,No Flood,1
Nuwara Eliya,Wet,Wet,Mahaweli Ganga,2004,91.5,41.8,70.8,118.9,109.5,150.9,129.2,58.1,153.9,147.5,52.4,40.3,1164.7,44.4,0,No Flood,0
Badulla,Intermediate/Wet,Intermediate/Wet,Mahaweli Ganga,2004,88.3,41.2,13.2,99.8,15.0,90.4,10.0,83.5,75.4,160.4,30.0,115.9,823.1,54.8,0,No Flood,0
Matale,Intermediate/Wet,Intermediate/Wet,Mahaweli Ganga,2004,67.3,66.3,10.8,20.0,50.3,95.8,108.6,31.5,43.1,198.0,30.0,108.0,829.7,86.8,1,Minor Flood,1
Kurunegala,Intermediate,Intermediate,Deduru Oya,2004,58.8,67.1,62.9,97.7,26.4,68.4,74.4,63.7,164.6,175.5,155.0,43.1,1057.7,52.6,0,No Flood,0
Anuradhapura,Dry,Dry,Malwathu Oya,2004,90.9,45.1,26.5,90.9,78.6,10.0,77.4,10.0,50.7,172.6,30.0,82.1,764.7,51.4,0,No Flood,0
Polonnaruwa,Dry,Dry,Mahaweli Ganga,2004,61.5,13.3,83.7,142.5,31.7,10.0,12.4,13.0,15.0,94.5,136.0,188.1,801.6,60.1,0,No Flood,0
Hambantota,Dry,Dry,Walawe Ganga,2004,97.4,30.1,50.9,109.6,15.0,132.4,46.9,99.9,15.0,209.9,163.8,111.0,1081.8,64.0,0,No Flood,0
Monaragala,Dry/Intermediate,Dry/Intermediate,Menik Ganga,2004,79.4,67.1,44.5,142.1,97.5,36.6,67.3,15.7,161.6,25.0,176.0,29.4,942.2,59.0,0,No Flood,0
Ampara,Dry,Dry,Gal Oya,2004,101.6,66.1,23.1,142.2,98.2,60.7,19.4,46.3,15.0,163.3,233.2,215.2,1184.3,92.6,0,Minor Flood,1
Batticaloa,Dry,Dry,Mundeni Aru,2004,133.9,45.2,30.0,54.4,15.0,89.3,10.0,10.0,99.3,89.0,77.7,179.9,833.8,50.9,0,No Flood,0
Trincomalee,Dry,Dry,Mahaweli Ganga,2004,136.5,94.4,34.5,66.5,65.2,13.6,18.9,52.7,15.0,191.1,130.7,150.9,970.0,53.9,0,No Flood,0
Jaffna,Dry,Dry,Peninsula / Coastal,2004,83.9,76.1,44.6,57.2,44.5,17.3,10.0,29.0,15.0,151.3,91.4,195.8,816.0,73.1,0,No Flood,0
Kilinochchi,Dry,Dry,Kanakarayan Aru,2004,95.2,42.2,57.1,100.7,15.0,10.0,13.9,10.0,64.1,78.6,30.0,133.2,650.0,44.9,0,No Flood,0
Mannar,Dry,Dry,Aruvi Aru,2004,98.7,5.0,46.8,25.4,60.3,56.7,10.0,10.0,15.0,25.0,211.2,84.1,648.2,61.2,0,No Flood,0
Vavuniya,Dry,Dry,Malwathu Oya,2004,85.8,40.7,15.7,106.2,15.0,65.1,10.0,10.0,15.0,70.7,176.8,163.0,774.0,69.7,0,No Flood,0
Mullaitivu,Dry,Dry,Nay Aru,2004,94.6,81.4,58.6,54.1,110.9,10.0,10.0,10.0,52.3,167.7,181.8,172.9,1004.2,59.9,0,No Flood,0
Puttalam,Dry,Dry,Deduru Oya,2004,116.9,20.9,10.0,20.3,90.4,10.0,16.8,48.3,48.5,143.1,146.7,157.0,829.0,64.8,0,No Flood,0
Colombo,Wet,Wet,Kelani Ganga,2005,14.7,7.9,69.7,205.8,287.0,228.1,217.7,103.6,275.2,303.8,286.8,149.0,2149.4,107.2,0,Minor Flood,1
Gampaha,Wet,Wet,Kelani Ganga,2005,65.3,8.2,111.8,125.5,248.2,120.5,112.7,165.0,227.5,225.1,212.6,20.0,1642.5,108.7,0,Minor Flood,1
Kalutara,Wet,Wet,Kalu Ganga,2005,39.7,5.0,78.8,282.4,258.1,305.0,281.7,166.5,285.0,309.8,286.0,221.4,2519.3,90.4,1,Minor Flood,1
Ratnapura,Wet,Wet,Kalu Ganga,2005,66.6,18.3,135.8,207.5,285.4,294.4,201.8,267.6,382.9,281.9,307.9,103.5,2553.4,151.2,3,Major Flood,2
Kegalle,Wet,Wet,Kelani Ganga,2005,63.1,32.9,81.5,171.9,384.2,348.0,210.3,204.4,212.6,317.0,320.8,181.0,2527.8,130.0,2,Minor Flood,1
Galle,Wet,Wet,Gin Ganga,2005,35.0,35.7,148.0,163.0,275.8,277.2,152.3,162.8,247.1,214.9,301.6,222.2,2235.7,88.8,1,Minor Flood,1
Matara,Wet,Wet,Nilwala Ganga,2005,5.0,45.4,49.1,238.3,256.8,233.5,167.0,167.5,298.8,70.0,329.7,94.8,1955.8,110.6,2,Minor Flood,1
Kandy,Wet,Wet,Mahaweli Ganga,2005,48.9,5.9,123.1,207.1,127.2,134.2,82.1,126.1,230.5,240.9,290.9,148.9,1765.8,124.6,2,Minor Flood,1
Nuwara Eliya,Wet,Wet,Mahaweli Ganga,2005,109.6,36.4,48.5,173.9,329.0,129.1,127.6,148.6,165.2,132.9,288.8,217.9,1907.4,96.9,1,Minor Flood,1
Badulla,Intermediate/Wet,Intermediate/Wet,Mahaweli Ganga,2005,133.6,103.4,91.7,82.8,198.3,69.7,18.8,10.0,107.8,178.8,207.4,226.2,1428.4,91.4,1,Minor Flood,1
Matale,Intermediate/Wet,Intermediate/Wet,Mahaweli Ganga,2005,135.2,28.8,28.0,122.1,124.8,173.3,98.6,51.5,26.6,231.4,114.6,237.3,1372.2,97.0,1,Minor Flood,1
Kurunegala,Intermediate,Intermediate,Deduru Oya,2005,5.3,10.7,84.5,105.6,111.2,119.7,74.1,55.6,33.4,179.5,66.2,61.6,907.2,62.5,0,No Flood,0
Anuradhapura,Dry,Dry,Malwathu Oya,2005,47.7,24.3,32.7,178.3,15.0,47.4,48.9,33.5,32.1,51.6,233.1,234.2,978.8,81.6,0,No Flood,0
Polonnaruwa,Dry,Dry,Mahaweli Ganga,2005,87.1,52.7,26.4,97.0,15.0,78.8,39.6,10.0,91.8,152.3,34.2,213.9,898.7,89.1,0,Minor Flood,1
Hambantota,Dry,Dry,Walawe Ganga,2005,45.1,38.0,79.8,105.8,15.0,17.7,42.9,39.4,152.6,40.2,171.6,176.4,924.4,74.2,0,No Flood,0
Monaragala,Dry/Intermediate,Dry/Intermediate,Menik Ganga,2005,91.4,34.8,95.8,134.2,23.1,102.7,71.4,10.0,48.9,114.3,333.1,170.5,1230.2,146.2,0,Major Flood,2
Ampara,Dry,Dry,Gal Oya,2005,121.6,111.6,39.7,95.2,163.2,10.0,10.0,22.4,78.0,149.5,70.1,171.2,1042.6,60.8,0,No Flood,0
Batticaloa,Dry,Dry,Mundeni Aru,2005,158.5,107.7,97.2,94.5,112.6,42.8,81.5,46.5,15.0,248.7,165.2,262.7,1432.8,100.6,0,Minor Flood,1
Trincomalee,Dry,Dry,Mahaweli Ganga,2005,149.2,49.4,21.3,123.1,52.4,10.0,37.2,91.8,70.7,68.6,146.9,169.6,990.2,52.2,0,No Flood,0
Jaffna,Dry,Dry,Peninsula / Coastal,2005,110.4,57.6,34.8,89.2,46.3,10.0,10.0,10.0,15.0,127.8,83.7,192.3,787.2,56.2,0,No Flood,0
Kilinochchi,Dry,Dry,Kanakarayan Aru,2005,161.9,104.3,58.7,141.1,43.3,10.0,10.0,26.5,15.0,110.2,132.8,181.8,995.6,54.7,0,No Flood,0
Mannar,Dry,Dry,Aruvi Aru,2005,59.3,58.1,57.5,94.3,15.0,10.0,10.0,22.9,15.0,215.8,30.0,139.7,727.7,61.3,0,No Flood,0
Vavuniya,Dry,Dry,Malwathu Oya,2005,82.7,49.6,99.9,126.8,15.0,10.0,11.0,15.0,54.8,91.2,172.0,264.6,992.6,95.5,0,Minor Flood,1
Mullaitivu,Dry,Dry,Nay Aru,2005,104.8,44.4,69.0,86.3,15.0,58.7,10.0,10.0,15.0,188.0,102.7,277.8,981.7,105.1,0,Minor Flood,1
Puttalam,Dry,Dry,Deduru Oya,2005,84.1,50.2,39.1,133.9,135.0,10.0,63.7,10.0,15.0,241.6,124.1,55.2,961.9,95.1,0,Minor Flood,1
Colombo,Wet,Wet,Kelani Ganga,2006,5.0,5.1,158.1,284.6,277.6,188.5,294.7,247.4,267.7,210.0,288.0,65.0,2291.7,121.6,0,Minor Flood,1
Gampaha,Wet,Wet,Kelani Ganga,2006,11.1,37.4,128.0,274.6,296.6,268.4,169.8,264.1,191.9,213.7,399.4,20.0,2275.1,146.7,0,Minor Flood,1
Kalutara,Wet,Wet,Kalu Ganga,2006,15.0,33.3,154.4,255.9,401.2,295.1,298.5,233.7,226.5,380.6,409.8,97.5,2801.5,128.4,2,Minor Flood,1
Ratnapura,Wet,Wet,Kalu Ganga,2006,98.5,45.4,180.0,280.2,519.3,353.7,307.0,308.6,322.0,278.2,325.4,79.4,3097.8,172.4,3,Major Flood,2
Kegalle,Wet,Wet,Kelani Ganga,2006,118.9,63.2,189.1,195.3,385.7,271.9,237.9,210.1,376.1,276.8,407.5,132.5,2864.8,178.7,3,Major Flood,2
Galle,Wet,Wet,Gin Ganga,2006,63.1,56.5,181.3,260.8,392.4,330.8,285.9,220.8,285.7,310.9,288.5,84.0,2760.6,167.2,3,Major Flood,2
Matara,Wet,Wet,Nilwala Ganga,2006,112.3,33.9,140.3,185.4,290.3,351.5,177.2,201.5,279.3,273.8,288.9,114.8,2449.2,145.1,2,Minor Flood,1
Kandy,Wet,Wet,Mahaweli Ganga,2006,103.5,68.0,103.1,213.4,235.8,146.8,174.2,202.6,176.4,154.4,227.7,42.5,1848.4,91.9,1,Minor Flood,1
Nuwara Eliya,Wet,Wet,Mahaweli Ganga,2006,59.0,59.6,56.0,164.6,284.1,187.4,164.7,190.5,225.6,249.8,240.9,142.7,2024.9,125.8,2,Minor Flood,1
Badulla,Intermediate/Wet,Intermediate/Wet,Mahaweli Ganga,2006,89.1,47.3,87.0,133.6,80.0,63.4,113.4,39.7,61.5,243.4,188.7,218.4,1365.5,96.7,1,Minor Flood,1
Matale,Intermediate/Wet,Intermediate/Wet,Mahaweli Ganga,2006,125.8,75.1,84.2,72.5,124.9,212.4,65.2,45.5,113.6,210.8,293.5,127.0,1550.6,119.7,2,Minor Flood,1
Kurunegala,Intermediate,Intermediate,Deduru Oya,2006,95.6,33.2,107.0,147.5,192.7,182.8,125.1,77.1,106.7,325.4,221.4,169.4,1783.8,100.4,0,Minor Flood,1
Anuradhapura,Dry,Dry,Malwathu Oya,2006,117.2,87.2,83.8,88.1,202.3,60.2,95.0,28.4,70.5,200.6,248.2,228.2,1509.7,84.8,0,No Flood,0
Polonnaruwa,Dry,Dry,Mahaweli Ganga,2006,140.5,85.2,66.4,98.5,66.5,64.1,10.0,71.9,101.0,123.2,121.4,189.4,1138.1,53.4,0,No Flood,0
Hambantota,Dry,Dry,Walawe Ganga,2006,90.4,45.1,22.7,69.5,96.7,10.0,101.9,45.3,227.9,288.7,157.3,118.9,1274.4,113.4,0,Minor Flood,1
Monaragala,Dry/Intermediate,Dry/Intermediate,Menik Ganga,2006,73.9,97.5,118.7,127.2,110.4,46.2,11.6,124.7,15.0,158.2,202.7,257.9,1343.9,86.3,0,Minor Flood,1
Ampara,Dry,Dry,Gal Oya,2006,174.8,83.6,59.3,129.3,31.0,10.0,10.0,55.3,59.9,177.0,123.1,232.0,1145.4,85.2,0,Minor Flood,1
Batticaloa,Dry,Dry,Mundeni Aru,2006,152.3,72.0,120.4,174.7,38.0,16.4,10.0,72.4,131.7,139.0,271.2,286.3,1484.4,122.3,0,Minor Flood,1
Trincomalee,Dry,Dry,Mahaweli Ganga,2006,171.3,90.9,82.7,135.2,15.0,88.1,47.7,35.1,15.0,245.2,231.0,228.0,1385.3,82.7,0,No Flood,0
Jaffna,Dry,Dry,Peninsula / Coastal,2006,123.7,67.7,69.2,62.3,15.0,10.0,66.4,10.9,28.4,196.9,112.7,218.1,981.3,96.4,0,Minor Flood,1
Kilinochchi,Dry,Dry,Kanakarayan Aru,2006,141.8,74.3,34.5,75.2,67.8,10.0,42.4,10.0,41.9,228.5,207.2,205.8,1139.4,70.5,0,No Flood,0
Mannar,Dry,Dry,Aruvi Aru,2006,161.3,69.2,39.3,72.9,15.0,10.0,67.0,10.0,53.6,81.5,117.0,145.0,841.8,59.0,0,No Flood,0
Vavuniya,Dry,Dry,Malwathu Oya,2006,147.9,89.3,35.9,138.9,15.0,44.0,10.0,10.0,17.4,142.8,143.2,145.3,939.7,65.2,0,No Flood,0
Mullaitivu,Dry,Dry,Nay Aru,2006,165.0,75.1,105.2,99.5,111.7,10.0,11.1,12.6,46.8,202.0,87.8,185.7,1112.5,78.4,0,No Flood,0
Puttalam,Dry,Dry,Deduru Oya,2006,65.0,41.6,113.8,157.6,15.0,47.1,22.4,17.5,107.4,93.0,301.8,180.2,1162.5,103.1,0,Minor Flood,1
Colombo,Wet,Wet,Kelani Ganga,2007,49.3,5.0,112.2,257.4,398.6,227.7,210.0,201.6,194.4,328.0,282.0,72.8,2339.3,121.6,0,Minor Flood,1
Gampaha,Wet,Wet,Kelani Ganga,2007,45.0,27.2,92.0,228.2,319.1,245.9,235.1,155.9,289.6,290.4,418.9,211.5,2558.8,131.2,0,Minor Flood,1
Kalutara,Wet,Wet,Kalu Ganga,2007,41.6,8.8,130.6,331.4,518.2,419.1,256.6,290.6,394.9,359.7,273.0,62.8,3087.2,229.8,3,Major Flood,2
Ratnapura,Wet,Wet,Kalu Ganga,2007,70.5,5.0,182.0,288.9,572.1,444.6,315.4,354.1,453.9,354.9,491.6,104.3,3637.3,251.7,3,Major Flood,2
Kegalle,Wet,Wet,Kelani Ganga,2007,109.2,55.5,161.5,291.2,397.8,373.9,379.4,241.3,435.8,320.4,468.3,45.3,3279.6,146.0,2,Major Flood,2
Galle,Wet,Wet,Gin Ganga,2007,81.7,73.7,120.7,223.5,404.1,446.0,250.4,162.5,341.5,377.8,295.1,158.0,2935.0,158.7,3,Major Flood,2
Matara,Wet,Wet,Nilwala Ganga,2007,62.4,31.6,160.9,263.9,310.2,344.8,299.2,307.7,358.1,347.6,343.6,126.8,2956.9,121.1,2,Minor Flood,1
Kandy,Wet,Wet,Mahaweli Ganga,2007,81.3,57.0,150.0,200.4,141.9,287.6,222.3,152.2,240.8,251.5,314.2,141.4,2240.6,133.2,2,Minor Flood,1
Nuwara Eliya,Wet,Wet,Mahaweli Ganga,2007,83.2,24.6,131.1,181.3,411.8,276.2,172.0,157.2,226.6,249.9,369.9,149.7,2433.4,162.0,3,Major Flood,2
Badulla,Intermediate/Wet,Intermediate/Wet,Mahaweli Ganga,2007,158.0,77.9,109.1,190.8,15.0,107.0,61.3,43.2,215.1,301.6,180.0,240.3,1699.4,103.9,2,Minor Flood,1
Matale,Intermediate/Wet,Intermediate/Wet,Mahaweli Ganga,2007,146.7,78.4,105.6,184.0,160.7,187.4,117.6,42.4,175.5,315.5,449.1,158.5,2121.3,151.3,3,Major Flood,2
Kurunegala,Intermediate,Intermediate,Deduru Oya,2007,49.6,49.0,91.7,219.6,152.8,100.3,79.0,181.1,154.3,143.2,311.8,122.4,1654.9,136.2,0,Major Flood,2
Anuradhapura,Dry,Dry,Malwathu Oya,2007,75.8,71.3,12.0,125.2,158.8,71.1,10.0,37.7,50.4,198.2,102.2,227.8,1140.6,82.5,0,No Flood,0
Polonnaruwa,Dry,Dry,Mahaweli Ganga,2007,129.6,80.0,61.1,129.0,164.7,63.4,54.9,18.4,116.7,176.0,178.5,152.2,1324.4,51.2,0,No Flood,0
Hambantota,Dry,Dry,Walawe Ganga,2007,144.5,21.7,18.8,169.4,49.5,63.7,28.5,48.0,154.2,218.0,247.1,69.6,1233.0,88.3,0,Minor Flood,1
Monaragala,Dry/Intermediate,Dry/Intermediate,Menik Ganga,2007,167.9,68.5,57.8,114.8,142.7,78.1,105.4,146.6,35.8,124.4,235.5,255.4,1532.8,93.9,0,Minor Flood,1
Ampara,Dry,Dry,Gal Oya,2007,172.6,105.2,60.4,160.6,87.8,62.8,10.0,47.2,122.7,215.7,274.9,260.6,1580.4,107.3,0,Minor Flood,1
Batticaloa,Dry,Dry,Mundeni Aru,2007,213.3,131.2,74.8,130.3,96.0,100.6,10.0,10.0,33.1,295.4,259.5,255.8,1610.0,84.7,0,Minor Flood,1
Trincomalee,Dry,Dry,Mahaweli Ganga,2007,176.7,63.1,70.9,141.1,98.2,18.2,118.0,10.0,115.1,175.3,268.2,293.0,1547.7,101.4,0,Minor Flood,1
Jaffna,Dry,Dry,Peninsula / Coastal,2007,165.4,97.6,75.2,147.0,73.6,26.7,10.0,10.0,83.9,206.6,222.7,304.8,1423.5,88.6,0,Minor Flood,1
Kilinochchi,Dry,Dry,Kanakarayan Aru,2007,127.0,75.8,114.8,173.5,41.4,52.0,18.6,83.5,27.1,183.8,265.6,217.1,1380.2,92.1,0,Minor Flood,1
Mannar,Dry,Dry,Aruvi Aru,2007,110.9,119.0,40.8,152.7,31.4,19.4,10.0,22.0,15.0,50.1,177.6,182.9,931.8,78.7,0,No Flood,0
Vavuniya,Dry,Dry,Malwathu Oya,2007,156.3,60.7,47.9,210.0,15.0,127.0,24.5,32.5,94.8,246.2,183.9,211.8,1410.5,109.9,0,Minor Flood,1
Mullaitivu,Dry,Dry,Nay Aru,2007,176.8,43.1,82.0,157.4,125.4,58.2,26.0,73.4,15.0,139.0,141.3,270.8,1308.3,101.1,0,Minor Flood,1
Puttalam,Dry,Dry,Deduru Oya,2007,125.6,51.7,102.5,141.9,41.2,75.0,57.2,71.1,52.6,88.0,194.8,196.6,1198.2,61.5,0,No Flood,0
Colombo,Wet,Wet,Kelani Ganga,2008,65.2,8.3,51.5,175.3,216.2,168.1,165.2,178.3,201.5,242.0,369.4,46.0,1887.1,165.2,0,Major Flood,2
Gampaha,Wet,Wet,Kelani Ganga,2008,20.3,44.4,91.7,131.5,143.7,292.8,149.7,181.3,97.6,374.7,301.5,56.7,1885.9,161.8,0,Major Flood,2
Kalutara,Wet,Wet,Kalu Ganga,2008,80.2,5.0,26.5,239.7,367.2,256.6,204.5,189.3,295.9,229.3,332.4,20.0,2246.4,119.0,2,Minor Flood,1
Ratnapura,Wet,Wet,Kalu Ganga,2008,50.4,30.9,118.3,245.8,418.7,331.9,245.2,239.0,286.0,182.8,387.4,146.2,2682.6,188.1,3,Major Flood,2
Kegalle,Wet,Wet,Kelani Ganga,2008,64.9,5.0,41.8,244.8,329.2,349.7,170.8,234.0,364.8,284.9,310.1,88.8,2488.9,140.1,2,Minor Flood,1
Galle,Wet,Wet,Gin Ganga,2008,89.0,19.4,95.4,154.0,263.1,181.7,218.0,263.7,276.5,327.2,345.7,61.0,2294.8,110.8,2,Minor Flood,1
Matara,Wet,Wet,Nilwala Ganga,2008,53.4,5.0,105.9,275.4,320.8,254.1,254.0,196.9,250.3,165.3,274.9,133.8,2289.7,129.0,2,Minor Flood,1
Kandy,Wet,Wet,Mahaweli Ganga,2008,54.1,35.8,23.7,133.9,161.1,189.6,96.1,69.2,57.1,173.4,362.1,127.2,1483.2,118.2,2,Minor Flood,1
Nuwara Eliya,Wet,Wet,Mahaweli Ganga,2008,65.7,27.8,47.6,120.9,93.3,184.3,124.5,100.2,173.3,223.8,363.3,31.7,1556.4,162.4,3,Major Flood,2
Badulla,Intermediate/Wet,Intermediate/Wet,Mahaweli Ganga,2008,129.0,38.7,98.5,201.8,100.0,43.9,66.0,28.2,28.2,214.1,185.7,230.7,1364.9,73.1,0,No Flood,0
Matale,Intermediate/Wet,Intermediate/Wet,Mahaweli Ganga,2008,135.7,28.1,40.9,139.8,40.6,48.3,51.3,10.0,33.3,208.1,101.7,84.2,921.9,92.8,1,Minor Flood,1
Kurunegala,Intermediate,Intermediate,Deduru Oya,2008,36.5,18.2,128.0,153.7,128.7,113.5,149.3,37.5,81.2,177.4,99.1,55.2,1178.3,70.6,0,No Flood,0
Anuradhapura,Dry,Dry,Malwathu Oya,2008,78.3,74.8,38.9,141.5,147.9,20.5,63.1,10.0,75.6,141.8,176.8,119.2,1088.5,66.6,0,No Flood,0
Polonnaruwa,Dry,Dry,Mahaweli Ganga,2008,108.6,27.8,88.9,45.1,63.9,95.1,52.5,125.8,15.0,139.3,163.4,109.5,1034.9,54.7,0,No Flood,0
Hambantota,Dry,Dry,Walawe Ganga,2008,62.7,5.0,68.9,134.1,82.6,44.7,75.3,71.8,72.2,80.4,164.0,167.1,1028.8,65.1,0,No Flood,0
Monaragala,Dry/Intermediate,Dry/Intermediate,Menik Ganga,2008,140.3,5.0,69.2,110.1,61.5,20.6,66.5,10.0,77.0,105.2,137.9,173.4,976.7,51.6,0,No Flood,0
Ampara,Dry,Dry,Gal Oya,2008,74.6,115.2,72.0,86.2,55.4,49.4,10.0,37.7,15.0,120.0,117.7,136.6,889.7,60.2,0,No Flood,0
Batticaloa,Dry,Dry,Mundeni Aru,2008,186.3,95.3,47.6,136.6,15.0,81.2,10.0,73.7,47.6,141.6,220.0,271.7,1326.5,121.1,0,Minor Flood,1
Trincomalee,Dry,Dry,Mahaweli Ganga,2008,154.2,100.3,36.7,131.2,38.5,82.9,27.3,14.4,64.9,196.8,118.9,217.8,1183.9,76.8,0,No Flood,0
Jaffna,Dry,Dry,Peninsula / Coastal,2008,149.3,71.0,12.0,141.3,15.0,29.2,18.6,29.0,15.0,102.5,211.1,265.2,1059.1,106.5,0,Minor Flood,1
Kilinochchi,Dry,Dry,Kanakarayan Aru,2008,103.3,47.2,67.3,71.7,40.6,10.0,10.0,10.0,39.7,96.1,110.1,230.4,836.6,81.0,0,No Flood,0
Mannar,Dry,Dry,Aruvi Aru,2008,113.3,27.0,44.1,140.9,66.5,10.0,30.7,10.0,15.0,135.5,97.9,139.8,830.7,40.8,0,No Flood,0
Vavuniya,Dry,Dry,Malwathu Oya,2008,142.3,69.0,94.8,117.0,15.0,10.0,10.0,51.3,91.0,240.8,200.9,234.9,1277.1,75.9,0,No Flood,0
Mullaitivu,Dry,Dry,Nay Aru,2008,112.2,67.5,68.3,73.3,15.0,53.7,108.4,72.0,63.8,188.6,187.5,230.8,1241.0,75.8,0,No Flood,0
Puttalam,Dry,Dry,Deduru Oya,2008,42.2,63.9,30.4,134.5,15.0,81.8,41.8,10.0,71.5,116.8,227.7,120.0,955.6,69.4,0,No Flood,0
Colombo,Wet,Wet,Kelani Ganga,2009,35.1,18.5,146.0,290.4,253.2,319.9,115.2,147.3,200.3,193.7,206.3,98.2,2024.2,139.3,0,Minor Flood,1
Gampaha,Wet,Wet,Kelani Ganga,2009,67.3,24.6,125.2,186.4,270.3,265.5,199.6,192.0,178.6,230.6,262.0,71.5,2073.6,82.3,0,No Flood,0
Kalutara,Wet,Wet,Kalu Ganga,2009,60.4,17.8,131.0,280.3,454.3,337.5,284.0,323.4,381.7,452.6,445.8,158.1,3326.8,175.8,3,Major Flood,2
Ratnapura,Wet,Wet,Kalu Ganga,2009,104.1,42.1,187.8,291.2,517.6,459.0,270.1,324.4,363.3,354.1,397.3,128.5,3439.6,178.6,3,Major Flood,2
Kegalle,Wet,Wet,Kelani Ganga,2009,43.8,77.7,85.0,235.5,427.3,386.7,281.4,259.8,354.1,305.3,449.7,150.6,3057.0,145.6,2,Minor Flood,1
Galle,Wet,Wet,Gin Ganga,2009,106.1,10.3,140.2,232.8,428.2,280.0,346.0,185.6,305.9,327.5,294.5,66.5,2723.6,168.2,3,Major Flood,2
Matara,Wet,Wet,Nilwala Ganga,2009,101.1,36.3,106.2,218.6,406.5,286.7,219.0,222.8,236.0,393.0,282.4,142.4,2651.0,118.7,2,Minor Flood,1
Kandy,Wet,Wet,Mahaweli Ganga,2009,107.9,52.6,149.3,208.5,332.7,176.5,125.0,168.2,254.4,174.4,276.5,109.1,2135.1,123.4,2,Minor Flood,1
Nuwara Eliya,Wet,Wet,Mahaweli Ganga,2009,84.6,50.3,100.3,253.4,289.1,298.3,176.5,208.2,299.0,327.0,208.3,119.2,2414.1,96.8,1,Minor Flood,1
Badulla,Intermediate/Wet,Intermediate/Wet,Mahaweli Ganga,2009,116.3,61.4,66.8,218.8,28.4,92.6,61.2,108.5,57.2,237.7,163.3,323.2,1535.5,119.0,2,Minor Flood,1
Matale,Intermediate/Wet,Intermediate/Wet,Mahaweli Ganga,2009,129.3,69.9,75.6,234.8,69.2,146.7,102.5,129.7,67.5,160.0,300.7,223.0,1708.8,105.4,2,Minor Flood,1
Kurunegala,Intermediate,Intermediate,Deduru Oya,2009,94.8,36.4,82.9,265.2,63.9,130.0,40.5,150.1,123.8,241.2,439.3,94.5,1762.8,191.5,0,Major Flood,2
Anuradhapura,Dry,Dry,Malwathu Oya,2009,114.1,94.3,88.9,194.3,15.0,48.1,10.0,27.4,34.1,197.2,182.5,217.4,1223.4,84.2,0,No Flood,0
Polonnaruwa,Dry,Dry,Mahaweli Ganga,2009,112.8,80.1,53.6,134.2,15.0,163.5,15.4,70.2,38.1,107.8,212.4,237.3,1240.4,83.3,0,No Flood,0
Hambantota,Dry,Dry,Walawe Ganga,2009,63.4,47.8,89.4,64.4,113.6,22.1,96.9,16.4,104.5,226.0,235.5,144.5,1224.4,69.1,0,No Flood,0
Monaragala,Dry/Intermediate,Dry/Intermediate,Menik Ganga,2009,90.4,50.7,108.4,196.5,44.3,37.6,30.5,10.0,15.0,111.4,190.4,199.7,1084.9,61.4,0,No Flood,0
Ampara,Dry,Dry,Gal Oya,2009,177.3,116.9,81.4,125.3,15.0,10.0,69.9,59.7,75.4,169.6,291.0,231.8,1423.3,105.4,0,Minor Flood,1
Batticaloa,Dry,Dry,Mundeni Aru,2009,206.8,119.0,98.5,129.1,19.3,80.0,38.9,10.0,132.4,244.9,211.9,288.9,1579.8,126.7,0,Minor Flood,1
Trincomalee,Dry,Dry,Mahaweli Ganga,2009,199.7,107.3,78.4,131.9,51.7,10.0,49.4,17.0,126.2,178.5,122.2,269.1,1341.5,105.0,0,Minor Flood,1
Jaffna,Dry,Dry,Peninsula / Coastal,2009,163.0,86.3,33.4,136.8,39.0,61.1,35.3,10.0,69.5,113.3,30.0,254.7,1032.3,103.9,0,Minor Flood,1
Kilinochchi,Dry,Dry,Kanakarayan Aru,2009,158.1,64.2,43.8,133.6,108.6,24.6,19.3,11.2,15.0,177.3,82.2,304.6,1142.4,126.1,0,Minor Flood,1
Mannar,Dry,Dry,Aruvi Aru,2009,146.2,46.7,85.5,76.6,53.4,84.4,17.6,10.0,55.9,91.4,133.3,215.0,1016.1,78.7,0,No Flood,0
Vavuniya,Dry,Dry,Malwathu Oya,2009,155.8,78.0,10.0,161.0,45.7,101.7,10.0,10.0,52.7,177.1,69.7,168.3,1039.9,64.4,0,No Flood,0
Mullaitivu,Dry,Dry,Nay Aru,2009,127.0,99.8,67.8,187.9,15.0,21.9,10.0,10.0,15.0,136.5,176.2,249.2,1116.3,92.8,0,Minor Flood,1
Puttalam,Dry,Dry,Deduru Oya,2009,43.5,67.4,96.7,149.0,15.0,31.1,41.4,10.0,25.1,225.3,302.3,126.4,1133.3,102.0,0,Minor Flood,1
Colombo,Wet,Wet,Kelani Ganga,2010,64.9,10.8,125.9,206.8,371.8,214.4,234.7,178.1,233.0,255.7,245.1,74.6,2215.8,116.5,0,Minor Flood,1
Gampaha,Wet,Wet,Kelani Ganga,2010,70.2,25.6,61.7,223.0,325.5,298.0,170.1,177.4,220.9,347.5,237.7,59.6,2217.2,114.1,0,Minor Flood,1
Kalutara,Wet,Wet,Kalu Ganga,2010,96.7,21.9,115.1,261.7,461.7,364.0,349.3,293.3,237.4,286.6,321.6,121.8,2931.1,169.5,3,Major Flood,2
Ratnapura,Wet,Wet,Kalu Ganga,2010,135.9,38.3,150.1,297.3,400.6,390.0,279.3,300.6,347.6,351.7,309.5,79.0,3079.8,137.5,2,Minor Flood,1
Kegalle,Wet,Wet,Kelani Ganga,2010,65.9,5.0,141.2,250.2,401.9,320.7,415.9,308.8,261.5,323.7,308.9,54.7,2858.5,158.4,3,Major Flood,2
Galle,Wet,Wet,Gin Ganga,2010,59.9,32.9,145.5,262.2,330.1,310.0,284.6,210.6,369.0,329.1,340.2,124.9,2799.1,113.1,2,Minor Flood,1
Matara,Wet,Wet,Nilwala Ganga,2010,78.7,25.5,97.3,288.1,361.0,338.3,208.2,176.0,257.6,267.9,240.6,97.4,2436.6,125.7,2,Minor Flood,1
Kandy,Wet,Wet,Mahaweli Ganga,2010,117.3,35.2,96.2,217.8,136.8,121.1,172.0,124.2,135.6,285.7,227.9,121.8,1791.6,110.5,2,Minor Flood,1
Nuwara Eliya,Wet,Wet,Mahaweli Ganga,2010,69.3,72.2,130.2,202.1,179.7,236.4,228.5,150.6,278.4,318.5,379.2,143.2,2388.2,155.0,3,Major Flood,2
Badulla,Intermediate/Wet,Intermediate/Wet,Mahaweli Ganga,2010,102.2,79.9,109.9,203.1,96.1,45.8,48.4,24.8,80.3,191.7,371.7,248.0,1601.8,146.0,2,Major Flood,2
Matale,Intermediate/Wet,Intermediate/Wet,Mahaweli Ganga,2010,114.3,80.8,86.7,210.0,177.8,34.9,110.3,68.7,102.0,154.2,336.3,247.7,1723.6,108.8,2,Minor Flood,1
Kurunegala,Intermediate,Intermediate,Deduru Oya,2010,103.0,35.0,112.5,163.5,238.0,147.3,62.0,121.4,173.4,235.6,282.8,117.0,1791.6,100.9,0,Minor Flood,1
Anuradhapura,Dry,Dry,Malwathu Oya,2010,108.2,43.9,64.1,138.2,15.5,36.6,10.0,80.3,30.4,242.0,273.6,176.6,1219.5,94.4,0,Minor Flood,1
Polonnaruwa,Dry,Dry,Mahaweli Ganga,2010,83.7,56.2,88.5,50.0,33.4,113.5,137.1,53.0,15.0,114.5,203.0,224.8,1172.7,85.0,0,No Flood,0
Hambantota,Dry,Dry,Walawe Ganga,2010,76.7,47.1,73.5,221.5,15.0,106.8,52.9,75.9,34.9,151.9,220.5,283.6,1360.4,91.1,0,Minor Flood,1
Monaragala,Dry/Intermediate,Dry/Intermediate,Menik Ganga,2010,98.5,75.0,73.9,92.4,23.4,31.1,118.6,105.0,52.2,254.4,192.0,164.3,1280.7,113.6,0,Minor Flood,1
Ampara,Dry,Dry,Gal Oya,2010,199.7,103.4,75.5,130.3,59.4,22.8,10.0,117.2,52.9,196.0,189.8,211.7,1368.8,67.9,0,No Flood,0
Batticaloa,Dry,Dry,Mundeni Aru,2010,127.0,71.3,24.3,188.7,46.5,10.0,54.4,69.1,63.1,169.4,218.4,338.7,1380.8,125.4,0,Minor Flood,1
Trincomalee,Dry,Dry,Mahaweli Ganga,2010,224.0,80.4,124.0,155.1,84.8,10.0,31.1,10.0,86.6,236.3,58.7,262.4,1363.4,93.1,0,Minor Flood,1
Jaffna,Dry,Dry,Peninsula / Coastal,2010,165.6,102.7,57.3,130.3,17.0,69.3,31.6,10.0,77.1,122.9,82.0,219.0,1084.8,77.1,0,No Flood,0
Kilinochchi,Dry,Dry,Kanakarayan Aru,2010,168.6,79.3,68.7,190.1,39.9,50.8,10.0,17.8,64.4,61.5,187.3,238.4,1176.8,102.5,0,Minor Flood,1
Mannar,Dry,Dry,Aruvi Aru,2010,164.4,71.6,112.5,194.0,15.0,43.3,29.7,10.0,54.7,140.1,107.1,194.4,1136.9,72.7,0,No Flood,0
Vavuniya,Dry,Dry,Malwathu Oya,2010,90.0,61.2,26.0,194.0,38.8,23.0,72.3,10.0,15.0,159.0,241.1,235.9,1166.2,94.0,0,Minor Flood,1
Mullaitivu,Dry,Dry,Nay Aru,2010,160.5,104.8,70.0,84.8,55.9,10.0,134.3,13.3,66.1,154.1,94.0,153.5,1101.5,64.4,0,No Flood,0
Puttalam,Dry,Dry,Deduru Oya,2010,52.4,67.4,37.6,129.4,57.7,61.0,82.6,20.0,46.5,179.8,213.0,147.9,1095.4,90.6,0,Minor Flood,1
Colombo,Wet,Wet,Kelani Ganga,2011,60.4,37.2,74.4,228.3,334.3,306.0,184.5,171.3,222.9,310.8,380.6,58.3,2369.0,142.5,0,Minor Flood,1
Gampaha,Wet,Wet,Kelani Ganga,2011,75.6,7.4,114.9,258.6,203.6,265.3,193.7,109.0,234.0,219.3,227.4,86.9,1995.6,94.2,0,Minor Flood,1
Kalutara,Wet,Wet,Kalu Ganga,2011,72.5,5.0,142.7,270.8,486.9,436.2,287.4,278.2,323.4,264.8,394.2,38.5,3000.6,149.1,2,Major Flood,2
Ratnapura,Wet,Wet,Kalu Ganga,2011,115.1,25.0,91.5,328.4,551.5,304.6,344.2,305.6,338.0,266.8,458.7,134.8,3264.2,242.7,3,Major Flood,2
Kegalle,Wet,Wet,Kelani Ganga,2011,61.5,43.6,114.0,332.1,372.4,360.2,314.8,242.0,245.8,297.8,430.9,93.2,2908.3,175.5,3,Major Flood,2
Galle,Wet,Wet,Gin Ganga,2011,56.1,32.3,141.6,242.0,451.5,467.3,199.4,302.5,327.6,388.8,390.8,113.1,3113.1,155.3,3,Major Flood,2
Matara,Wet,Wet,Nilwala Ganga,2011,74.7,46.6,134.5,213.4,332.0,260.2,336.4,235.3,287.5,231.8,514.3,48.6,2715.3,215.6,3,Major Flood,2
Kandy,Wet,Wet,Mahaweli Ganga,2011,102.1,41.1,130.0,285.1,185.0,285.5,179.7,113.5,299.3,284.1,337.1,128.1,2370.6,128.1,2,Minor Flood,1
Nuwara Eliya,Wet,Wet,Mahaweli Ganga,2011,83.4,30.9,132.6,230.6,325.7,235.2,161.7,110.6,261.1,277.0,220.3,106.7,2175.9,104.4,2,Minor Flood,1
Badulla,Intermediate/Wet,Intermediate/Wet,Mahaweli Ganga,2011,98.3,65.8,69.9,159.2,141.7,10.0,10.0,38.0,109.6,233.0,192.9,270.8,1399.1,110.1,2,Minor Flood,1
Matale,Intermediate/Wet,Intermediate/Wet,Mahaweli Ganga,2011,158.7,62.1,50.3,196.9,201.6,238.9,33.6,108.3,81.7,253.7,136.9,141.3,1664.0,94.5,1,Minor Flood,1
Kurunegala,Intermediate,Intermediate,Deduru Oya,2011,97.8,23.3,110.5,244.1,202.1,196.0,158.3,77.9,155.7,130.1,218.2,195.4,1809.6,80.9,0,Minor Flood,1
Anuradhapura,Dry,Dry,Malwathu Oya,2011,154.4,64.0,73.2,161.8,99.1,64.5,31.0,24.6,90.1,195.0,165.2,242.8,1365.6,71.7,0,No Flood,0
Polonnaruwa,Dry,Dry,Mahaweli Ganga,2011,104.0,71.7,107.8,116.2,181.3,10.0,35.5,17.0,46.0,262.0,138.2,197.6,1287.3,98.4,0,Minor Flood,1
Hambantota,Dry,Dry,Walawe Ganga,2011,113.0,51.9,76.7,131.1,54.9,86.7,82.1,10.0,43.8,146.5,198.6,193.3,1188.6,89.4,0,Minor Flood,1
Monaragala,Dry/Intermediate,Dry/Intermediate,Menik Ganga,2011,96.2,47.9,73.6,141.3,140.6,42.4,80.2,43.4,33.5,168.9,234.2,234.5,1336.7,72.2,0,No Flood,0
Ampara,Dry,Dry,Gal Oya,2011,124.3,81.4,68.7,213.0,40.8,10.0,10.0,38.4,77.9,202.3,213.1,317.6,1397.5,133.5,0,Minor Flood,1
Batticaloa,Dry,Dry,Mundeni Aru,2011,176.4,77.4,72.1,75.0,15.0,27.5,10.0,32.6,27.5,169.0,54.7,241.9,979.2,100.6,0,Minor Flood,1
Trincomalee,Dry,Dry,Mahaweli Ganga,2011,164.7,130.1,41.4,101.0,15.0,47.2,59.9,66.7,175.8,44.8,241.8,247.3,1335.4,77.6,0,No Flood,0
Jaffna,Dry,Dry,Peninsula / Coastal,2011,178.2,68.4,87.4,118.1,39.7,10.0,10.0,10.0,15.0,175.4,148.8,186.6,1047.6,66.5,0,No Flood,0
Kilinochchi,Dry,Dry,Kanakarayan Aru,2011,139.2,90.3,73.9,137.4,15.0,78.1,41.1,57.1,15.0,180.4,104.8,223.9,1156.1,84.7,0,No Flood,0
Mannar,Dry,Dry,Aruvi Aru,2011,131.5,84.9,69.1,87.9,92.7,13.3,10.0,13.4,60.8,103.3,218.8,165.9,1051.7,68.9,0,No Flood,0
Vavuniya,Dry,Dry,Malwathu Oya,2011,132.0,39.1,53.7,84.3,49.8,10.0,75.4,27.2,30.4,201.1,244.6,219.2,1166.7,102.0,0,Minor Flood,1
Mullaitivu,Dry,Dry,Nay Aru,2011,130.4,84.2,31.3,163.2,68.1,55.9,10.0,10.0,15.0,104.5,155.0,203.2,1030.7,88.3,0,Minor Flood,1
Puttalam,Dry,Dry,Deduru Oya,2011,62.3,88.7,92.2,97.0,49.9,72.9,130.6,10.0,111.7,272.7,171.4,135.5,1295.0,96.1,0,Minor Flood,1
Colombo,Wet,Wet,Kelani Ganga,2012,39.7,35.7,130.5,151.7,127.2,215.3,186.3,168.6,185.6,231.1,350.0,82.2,1903.9,106.1,0,Minor Flood,1
Gampaha,Wet,Wet,Kelani Ganga,2012,54.9,18.9,16.1,124.2,259.4,89.5,210.1,185.2,185.1,252.2,277.8,63.6,1737.1,108.1,0,Minor Flood,1
Kalutara,Wet,Wet,Kalu Ganga,2012,35.0,21.6,104.4,257.7,329.8,415.2,268.2,177.1,283.9,227.7,157.6,162.0,2440.0,169.1,3,Major Flood,2
Ratnapura,Wet,Wet,Kalu Ganga,2012,77.7,48.4,145.1,231.0,385.5,339.0,231.3,167.7,241.9,275.0,265.3,61.7,2469.7,113.4,2,Minor Flood,1
Kegalle,Wet,Wet,Kelani Ganga,2012,60.2,46.1,132.7,221.3,401.2,214.8,255.3,238.3,209.4,169.5,243.6,55.3,2247.6,129.4,2,Minor Flood,1
Galle,Wet,Wet,Gin Ganga,2012,41.3,48.8,107.9,143.6,291.2,304.3,211.9,177.5,275.3,342.3,305.9,153.4,2403.3,124.6,2,Minor Flood,1
Matara,Wet,Wet,Nilwala Ganga,2012,26.3,22.2,64.0,225.6,392.5,340.4,260.6,180.5,221.5,130.5,392.0,105.5,2361.8,162.2,3,Major Flood,2
Kandy,Wet,Wet,Mahaweli Ganga,2012,114.0,16.9,135.0,140.4,247.2,160.5,164.5,121.0,59.5,25.0,248.9,100.4,1533.3,80.2,1,No Flood,1
Nuwara Eliya,Wet,Wet,Mahaweli Ganga,2012,69.8,52.1,121.0,191.7,230.9,139.4,151.3,117.5,159.5,179.5,163.5,20.0,1596.2,89.1,1,No Flood,1
Badulla,Intermediate/Wet,Intermediate/Wet,Mahaweli Ganga,2012,109.7,44.8,84.6,89.7,134.7,176.2,21.7,103.2,50.3,263.4,337.0,158.7,1574.1,95.4,1,Minor Flood,1
Matale,Intermediate/Wet,Intermediate/Wet,Mahaweli Ganga,2012,135.1,89.4,56.0,124.6,54.4,107.0,120.9,10.0,102.5,149.3,194.0,187.0,1330.3,62.9,0,No Flood,0
Kurunegala,Intermediate,Intermediate,Deduru Oya,2012,77.1,29.6,130.6,127.6,112.5,146.6,90.0,24.0,110.2,162.6,266.7,108.5,1385.9,80.2,0,Minor Flood,1
Anuradhapura,Dry,Dry,Malwathu Oya,2012,123.3,56.0,41.5,20.0,35.9,24.3,50.0,23.6,21.8,25.0,84.9,175.3,681.6,63.6,0,No Flood,0
Polonnaruwa,Dry,Dry,Mahaweli Ganga,2012,128.9,71.1,107.8,161.7,74.7,23.8,47.1,30.3,91.8,193.8,143.0,103.6,1177.5,74.6,0,No Flood,0
Hambantota,Dry,Dry,Walawe Ganga,2012,60.5,42.9,80.4,83.1,15.0,128.8,82.9,10.0,26.4,223.9,240.2,154.2,1148.3,96.3,0,Minor Flood,1
Monaragala,Dry/Intermediate,Dry/Intermediate,Menik Ganga,2012,55.3,48.2,63.1,58.3,52.5,104.5,31.1,54.3,69.3,150.7,124.5,184.4,996.2,67.3,0,No Flood,0
Ampara,Dry,Dry,Gal Oya,2012,121.7,45.6,83.9,145.9,15.0,107.3,144.8,31.6,15.0,313.7,76.5,209.3,1310.3,131.2,0,Minor Flood,1
Batticaloa,Dry,Dry,Mundeni Aru,2012,131.1,90.4,61.8,143.4,41.7,10.0,10.0,10.0,15.0,69.2,156.7,317.3,1056.5,98.1,0,Minor Flood,1
Trincomalee,Dry,Dry,Mahaweli Ganga,2012,143.7,44.0,73.1,75.3,148.6,66.8,14.5,10.0,32.6,181.0,160.6,210.0,1160.1,60.4,0,No Flood,0
Jaffna,Dry,Dry,Peninsula / Coastal,2012,79.3,83.1,124.2,77.5,53.1,69.6,79.2,10.0,15.0,138.6,146.3,184.7,1060.7,78.8,0,No Flood,0
Kilinochchi,Dry,Dry,Kanakarayan Aru,2012,135.6,61.4,70.3,95.0,67.8,10.0,10.0,91.2,15.0,93.6,116.9,134.9,901.7,49.2,0,No Flood,0
Mannar,Dry,Dry,Aruvi Aru,2012,71.3,36.5,53.5,107.1,27.3,10.0,10.0,48.5,35.9,95.4,213.9,261.6,970.8,75.6,0,Minor Flood,1
Vavuniya,Dry,Dry,Malwathu Oya,2012,122.0,43.3,57.4,46.8,15.0,52.1,10.0,32.9,30.7,71.2,143.1,115.0,739.6,48.9,0,No Flood,0
Mullaitivu,Dry,Dry,Nay Aru,2012,111.3,81.2,10.0,85.0,92.5,10.0,10.0,32.6,15.0,118.7,98.6,307.0,971.8,135.5,0,Minor Flood,1
Puttalam,Dry,Dry,Deduru Oya,2012,82.2,10.4,122.9,116.5,103.2,12.3,57.1,10.0,73.1,130.1,172.3,154.8,1044.8,58.6,0,No Flood,0
Colombo,Wet,Wet,Kelani Ganga,2013,53.9,65.6,98.2,213.8,250.2,323.6,102.6,169.9,130.1,83.6,282.6,73.0,1847.1,108.7,0,Minor Flood,1
Gampaha,Wet,Wet,Kelani Ganga,2013,46.6,14.1,61.4,190.7,255.3,240.0,250.3,63.6,188.2,298.0,246.7,20.0,1874.8,112.8,0,Minor Flood,1
Kalutara,Wet,Wet,Kalu Ganga,2013,82.8,59.5,128.8,193.3,222.8,359.8,223.8,245.8,241.4,263.4,316.4,99.3,2437.0,142.8,2,Minor Flood,1
Ratnapura,Wet,Wet,Kalu Ganga,2013,51.7,32.2,184.6,201.4,279.1,354.3,285.9,275.8,350.7,400.7,219.5,45.5,2681.3,127.0,2,Minor Flood,1
Kegalle,Wet,Wet,Kelani Ganga,2013,68.4,9.1,74.1,135.8,388.2,277.1,375.2,183.4,238.0,237.8,321.5,69.0,2377.5,121.6,2,Minor Flood,1
Galle,Wet,Wet,Gin Ganga,2013,36.8,64.5,85.3,110.1,281.5,277.1,280.8,162.5,208.9,314.3,199.4,83.5,2104.6,99.2,1,Minor Flood,1
Matara,Wet,Wet,Nilwala Ganga,2013,38.8,16.7,86.1,180.8,266.7,279.3,231.4,160.8,314.6,182.8,166.6,104.9,2029.4,122.9,2,Minor Flood,1
Kandy,Wet,Wet,Mahaweli Ganga,2013,78.8,22.2,46.2,160.0,251.4,183.6,73.3,105.3,151.4,117.6,292.6,107.5,1589.8,100.3,2,Minor Flood,1
Nuwara Eliya,Wet,Wet,Mahaweli Ganga,2013,37.2,9.7,106.0,212.0,130.3,252.2,160.2,189.0,181.4,60.0,227.9,165.3,1731.4,85.3,1,No Flood,1
Badulla,Intermediate/Wet,Intermediate/Wet,Mahaweli Ganga,2013,110.1,41.7,10.0,143.3,41.1,166.5,66.8,75.9,66.7,186.8,96.4,126.3,1131.7,70.4,0,No Flood,0
Matale,Intermediate/Wet,Intermediate/Wet,Mahaweli Ganga,2013,126.6,39.4,113.5,147.5,142.9,96.1,10.0,33.0,119.5,183.6,272.1,191.9,1476.1,89.4,1,Minor Flood,1
Kurunegala,Intermediate,Intermediate,Deduru Oya,2013,86.6,24.2,81.1,138.0,301.8,127.2,52.8,135.9,173.6,303.8,356.5,141.1,1922.6,115.6,0,Major Flood,2
Anuradhapura,Dry,Dry,Malwathu Oya,2013,101.9,25.7,74.2,143.7,15.0,100.8,10.0,10.0,46.5,137.4,106.3,199.0,970.6,83.8,0,No Flood,0
Polonnaruwa,Dry,Dry,Mahaweli Ganga,2013,125.3,68.4,118.1,83.7,188.7,19.8,10.0,27.7,208.2,204.7,209.0,224.7,1488.3,88.3,0,Minor Flood,1
Hambantota,Dry,Dry,Walawe Ganga,2013,80.6,28.3,88.7,110.4,113.3,10.0,71.1,21.2,142.1,173.3,168.5,136.6,1144.1,68.3,0,No Flood,0
Monaragala,Dry/Intermediate,Dry/Intermediate,Menik Ganga,2013,104.3,35.9,44.4,199.3,82.1,151.0,73.4,76.9,106.4,85.1,198.3,96.7,1253.8,86.4,0,Minor Flood,1
Ampara,Dry,Dry,Gal Oya,2013,168.9,53.5,80.1,75.9,15.0,10.9,10.0,10.0,28.9,201.2,149.0,138.7,942.1,67.3,0,No Flood,0
Batticaloa,Dry,Dry,Mundeni Aru,2013,193.1,88.2,34.0,137.9,48.4,133.2,63.9,38.2,78.3,150.5,173.4,340.6,1479.6,130.3,0,Minor Flood,1
Trincomalee,Dry,Dry,Mahaweli Ganga,2013,140.7,84.9,98.2,62.4,15.0,13.1,10.0,14.1,64.8,97.5,77.1,234.7,912.5,78.5,0,No Flood,0
Jaffna,Dry,Dry,Peninsula / Coastal,2013,118.0,78.6,73.8,133.4,81.7,76.8,10.1,102.9,15.0,134.9,228.6,239.7,1293.5,87.5,0,Minor Flood,1
Kilinochchi,Dry,Dry,Kanakarayan Aru,2013,98.0,55.9,100.8,151.2,15.0,74.6,40.8,83.4,33.4,197.4,324.6,234.7,1409.8,132.2,0,Minor Flood,1
Mannar,Dry,Dry,Aruvi Aru,2013,168.4,73.4,25.6,96.6,77.8,69.6,10.0,10.0,15.0,152.9,178.9,178.8,1057.0,70.7,0,No Flood,0
Vavuniya,Dry,Dry,Malwathu Oya,2013,161.6,50.6,21.1,74.6,15.0,102.2,98.0,38.8,94.1,143.9,146.7,168.3,1114.9,53.9,0,No Flood,0
Mullaitivu,Dry,Dry,Nay Aru,2013,121.0,76.0,55.4,141.3,38.1,47.0,43.4,33.2,64.9,128.5,259.9,345.1,1353.7,104.9,0,Minor Flood,1
Puttalam,Dry,Dry,Deduru Oya,2013,86.5,30.5,51.7,138.0,15.0,74.1,10.0,84.0,169.7,106.9,213.1,89.2,1068.7,70.6,0,No Flood,0
Colombo,Wet,Wet,Kelani Ganga,2014,7.7,26.6,53.1,156.5,98.3,145.3,96.3,158.5,179.9,99.6,182.1,20.0,1223.9,73.1,0,No Flood,0
Gampaha,Wet,Wet,Kelani Ganga,2014,63.9,49.2,49.0,78.3,190.7,124.9,205.9,113.0,102.0,99.2,259.8,25.3,1361.3,112.4,0,Minor Flood,1
Kalutara,Wet,Wet,Kalu Ganga,2014,5.0,45.9,26.5,162.5,353.4,352.0,176.9,119.8,289.9,259.1,201.3,32.9,2025.2,114.8,2,Minor Flood,1
Ratnapura,Wet,Wet,Kalu Ganga,2014,68.5,37.0,90.8,140.7,291.1,173.8,208.1,219.7,172.6,126.4,348.4,47.8,1924.9,124.3,2,Minor Flood,1
Kegalle,Wet,Wet,Kelani Ganga,2014,61.9,5.0,47.9,148.0,390.2,178.8,138.7,226.6,220.4,264.8,179.5,63.5,1925.4,140.1,2,Minor Flood,1
Galle,Wet,Wet,Gin Ganga,2014,54.5,47.8,82.6,205.8,308.9,161.4,141.9,196.2,65.3,181.4,121.2,44.8,1611.9,93.7,1,Minor Flood,1
Matara,Wet,Wet,Nilwala Ganga,2014,5.0,43.2,40.5,90.8,231.4,248.2,252.1,169.6,265.2,106.5,342.0,20.0,1814.4,147.4,2,Minor Flood,1
Kandy,Wet,Wet,Mahaweli Ganga,2014,44.8,5.4,44.2,66.3,143.5,66.2,88.8,147.2,177.6,160.5,177.0,182.2,1303.7,59.0,0,No Flood,0
Nuwara Eliya,Wet,Wet,Mahaweli Ganga,2014,58.4,49.0,46.9,92.4,139.2,211.2,164.6,106.9,188.2,25.0,227.9,27.4,1337.0,68.5,0,No Flood,0
Badulla,Intermediate/Wet,Intermediate/Wet,Mahaweli Ganga,2014,79.6,28.5,98.8,146.4,29.2,82.6,70.4,68.0,15.0,194.8,114.2,114.4,1041.8,71.4,0,No Flood,0
Matale,Intermediate/Wet,Intermediate/Wet,Mahaweli Ganga,2014,36.8,67.4,10.0,88.6,122.9,81.6,37.2,10.0,80.9,69.5,162.2,134.4,901.4,53.1,0,No Flood,0
Kurunegala,Intermediate,Intermediate,Deduru Oya,2014,35.4,30.8,65.9,157.1,153.2,108.7,50.9,91.3,73.8,80.7,137.6,82.6,1067.9,51.3,0,No Flood,0
Anuradhapura,Dry,Dry,Malwathu Oya,2014,73.7,32.9,12.9,98.7,37.9,77.1,61.7,59.1,15.0,139.3,156.6,66.5,831.4,49.7,0,No Flood,0
Polonnaruwa,Dry,Dry,Mahaweli Ganga,2014,124.4,42.7,41.8,149.7,72.0,58.6,10.0,54.1,15.0,44.0,103.5,107.9,823.5,47.2,0,No Flood,0
Hambantota,Dry,Dry,Walawe Ganga,2014,75.6,27.8,53.3,59.9,16.6,61.5,43.5,65.8,109.2,59.3,169.4,29.3,771.1,48.6,0,No Flood,0
Monaragala,Dry/Intermediate,Dry/Intermediate,Menik Ganga,2014,71.0,66.2,14.3,119.9,119.6,83.1,142.4,13.5,92.0,111.2,212.5,117.2,1162.8,88.4,0,Minor Flood,1
Ampara,Dry,Dry,Gal Oya,2014,68.3,48.3,84.9,77.2,44.0,10.0,10.0,68.0,15.0,155.0,137.6,149.9,868.2,46.0,0,No Flood,0
Batticaloa,Dry,Dry,Mundeni Aru,2014,140.1,59.4,55.6,93.7,15.0,20.6,14.5,12.6,26.1,122.1,104.2,254.7,918.8,85.9,0,Minor Flood,1
Trincomalee,Dry,Dry,Mahaweli Ganga,2014,107.4,29.6,111.7,123.9,34.9,14.4,10.0,10.0,15.0,226.1,228.3,142.7,1053.9,90.5,0,Minor Flood,1
Jaffna,Dry,Dry,Peninsula / Coastal,2014,88.0,69.7,83.4,148.8,15.0,10.0,10.0,10.0,15.0,83.9,179.8,220.5,934.1,97.4,0,Minor Flood,1
Kilinochchi,Dry,Dry,Kanakarayan Aru,2014,150.1,26.5,45.0,99.2,15.0,10.0,75.5,30.8,15.0,127.1,224.0,150.1,968.3,92.1,0,Minor Flood,1
Mannar,Dry,Dry,Aruvi Aru,2014,33.4,45.4,10.0,46.2,15.0,61.5,22.1,10.0,63.6,25.0,122.3,86.7,541.1,40.1,0,No Flood,0
Vavuniya,Dry,Dry,Malwathu Oya,2014,106.6,34.9,54.9,85.2,118.7,10.0,14.1,10.0,26.7,132.8,71.0,119.0,784.0,53.1,0,No Flood,0
Mullaitivu,Dry,Dry,Nay Aru,2014,71.8,87.3,58.8,72.7,15.0,10.0,77.5,22.8,15.0,131.4,60.5,236.7,859.6,82.5,0,No Flood,0
Puttalam,Dry,Dry,Deduru Oya,2014,54.4,12.9,10.0,81.2,18.2,34.5,10.0,104.0,65.1,87.6,128.2,163.8,769.9,54.2,0,No Flood,0
Colombo,Wet,Wet,Kelani Ganga,2015,25.4,12.0,106.7,198.9,302.7,302.0,252.8,181.4,165.8,211.7,274.6,20.0,2054.1,101.0,0,Minor Flood,1
Gampaha,Wet,Wet,Kelani Ganga,2015,25.2,50.3,95.1,220.5,249.6,176.9,184.7,200.2,164.0,313.8,243.2,61.0,1984.5,97.1,0,Minor Flood,1
Kalutara,Wet,Wet,Kalu Ganga,2015,12.9,55.8,229.0,277.7,364.0,329.6,332.6,295.0,341.7,372.4,233.9,138.3,2982.8,112.2,2,Minor Flood,1
Ratnapura,Wet,Wet,Kalu Ganga,2015,97.2,94.2,144.0,223.9,475.1,463.9,323.2,255.5,419.3,384.6,321.2,142.9,3345.0,190.4,3,Major Flood,2
Kegalle,Wet,Wet,Kelani Ganga,2015,26.0,20.3,106.1,285.0,451.9,365.2,228.1,332.9,311.9,354.5,361.3,118.7,2961.8,187.5,3,Major Flood,2
Galle,Wet,Wet,Gin Ganga,2015,39.0,67.2,178.1,279.5,339.5,324.6,278.4,221.1,401.8,309.3,162.5,125.3,2726.3,139.7,2,Minor Flood,1
Matara,Wet,Wet,Nilwala Ganga,2015,87.0,5.0,117.9,276.6,387.1,315.5,231.8,239.1,322.9,243.3,342.5,154.5,2723.1,150.8,3,Major Flood,2
Kandy,Wet,Wet,Mahaweli Ganga,2015,72.4,66.1,83.7,236.2,194.5,147.8,171.8,38.9,98.1,245.8,293.8,120.8,1769.8,102.0,2,Minor Flood,1
Nuwara Eliya,Wet,Wet,Mahaweli Ganga,2015,103.0,38.9,126.8,218.2,196.9,231.4,141.6,196.4,180.9,241.8,269.4,137.6,2082.8,116.8,2,Minor Flood,1
Badulla,Intermediate/Wet,Intermediate/Wet,Mahaweli Ganga,2015,131.6,96.8,113.4,228.5,85.2,158.5,64.2,125.7,84.0,254.6,334.6,199.2,1876.4,140.4,2,Major Flood,2
Matale,Intermediate/Wet,Intermediate/Wet,Mahaweli Ganga,2015,96.9,76.2,104.1,163.8,165.9,137.4,84.6,58.6,152.7,231.2,139.0,212.2,1622.6,77.2,1,No Flood,1
Kurunegala,Intermediate,Intermediate,Deduru Oya,2015,85.9,8.3,91.9,196.6,134.1,55.5,177.8,101.4,195.3,214.3,201.4,137.2,1599.9,65.7,0,No Flood,0
Anuradhapura,Dry,Dry,Malwathu Oya,2015,68.5,41.5,85.1,191.3,15.0,30.3,57.9,10.0,72.5,25.0,211.0,135.9,944.0,89.7,0,Minor Flood,1
Polonnaruwa,Dry,Dry,Mahaweli Ganga,2015,137.8,43.3,53.1,151.2,18.5,68.2,77.1,81.1,15.0,308.6,248.8,216.5,1419.3,117.0,0,Minor Flood,1
Hambantota,Dry,Dry,Walawe Ganga,2015,28.8,84.6,71.5,64.4,29.7,10.0,10.6,49.0,145.4,183.8,194.2,74.8,946.7,62.7,0,No Flood,0
Monaragala,Dry/Intermediate,Dry/Intermediate,Menik Ganga,2015,109.5,51.1,58.4,135.1,107.5,10.0,41.8,53.1,15.0,293.5,153.4,152.2,1180.6,114.8,0,Minor Flood,1
Ampara,Dry,Dry,Gal Oya,2015,133.1,84.7,96.1,216.1,95.9,104.0,55.4,10.0,79.0,171.7,223.4,208.0,1477.3,77.1,0,No Flood,0
Batticaloa,Dry,Dry,Mundeni Aru,2015,191.2,113.7,106.2,125.7,98.8,10.0,10.0,10.0,15.0,172.8,234.0,336.9,1424.2,99.2,0,Minor Flood,1
Trincomalee,Dry,Dry,Mahaweli Ganga,2015,207.0,122.4,81.7,140.3,65.8,65.2,27.7,43.5,15.0,181.7,229.9,246.3,1426.5,74.6,0,No Flood,0
Jaffna,Dry,Dry,Peninsula / Coastal,2015,177.0,87.4,66.2,127.9,15.0,10.0,10.0,10.0,54.6,108.1,153.6,270.9,1090.8,84.4,0,Minor Flood,1
Kilinochchi,Dry,Dry,Kanakarayan Aru,2015,187.0,104.4,36.1,175.9,37.4,77.3,22.5,74.8,15.0,143.8,258.1,120.2,1252.5,73.3,0,Minor Flood,1
Mannar,Dry,Dry,Aruvi Aru,2015,165.9,66.0,94.1,172.1,123.6,47.4,10.0,42.7,83.4,136.6,272.6,244.1,1458.5,113.6,0,Minor Flood,1
Vavuniya,Dry,Dry,Malwathu Oya,2015,112.7,110.6,112.0,131.9,15.0,10.0,44.6,10.0,15.0,64.4,148.5,226.4,1001.0,86.2,0,Minor Flood,1
Mullaitivu,Dry,Dry,Nay Aru,2015,179.5,101.4,94.0,142.6,218.4,10.0,10.0,11.6,15.0,69.6,114.0,209.2,1175.2,93.1,0,Minor Flood,1
Puttalam,Dry,Dry,Deduru Oya,2015,99.6,42.6,66.6,109.8,69.6,57.6,71.6,60.1,52.0,95.3,278.5,142.7,1146.2,114.1,0,Minor Flood,1
Colombo,Wet,Wet,Kelani Ganga,2016,116.9,39.4,181.9,284.4,412.2,431.4,182.8,271.7,431.6,376.5,511.8,70.0,3310.7,218.3,0,Major Flood,2
Gampaha,Wet,Wet,Kelani Ganga,2016,67.6,16.1,202.6,249.8,401.2,250.3,242.6,271.0,281.9,325.9,392.2,44.8,2746.0,170.2,0,Major Flood,2
Kalutara,Wet,Wet,Kalu Ganga,2016,86.3,41.8,208.3,331.9,625.5,443.6,350.7,394.3,462.5,402.0,540.7,101.6,3989.3,260.3,3,Major Flood,2
Ratnapura,Wet,Wet,Kalu Ganga,2016,160.6,39.8,233.0,382.5,493.2,494.6,429.4,314.6,383.5,346.7,525.8,138.2,3941.9,166.3,3,Major Flood,2
Kegalle,Wet,Wet,Kelani Ganga,2016,82.0,24.7,195.9,282.0,479.7,362.3,310.0,350.1,338.2,328.7,469.6,114.9,3338.1,179.5,3,Major Flood,2
Galle,Wet,Wet,Gin Ganga,2016,135.5,60.8,155.9,291.6,504.9,389.6,317.8,310.1,430.8,504.0,412.2,165.2,3678.3,193.4,3,Major Flood,2
Matara,Wet,Wet,Nilwala Ganga,2016,108.0,11.7,145.1,291.3,430.2,385.0,414.8,269.0,507.8,397.4,423.6,155.8,3539.6,182.8,3,Major Flood,2
Kandy,Wet,Wet,Mahaweli Ganga,2016,136.0,67.8,131.8,311.4,248.5,217.4,285.0,192.6,205.4,336.7,433.7,213.8,2780.2,142.8,2,Minor Flood,1
Nuwara Eliya,Wet,Wet,Mahaweli Ganga,2016,90.3,98.6,200.1,274.2,344.4,356.0,292.9,191.1,257.9,245.5,392.0,205.9,2948.7,136.7,2,Minor Flood,1
Badulla,Intermediate/Wet,Intermediate/Wet,Mahaweli Ganga,2016,161.1,74.0,96.8,204.0,83.9,161.9,10.0,52.4,109.3,291.0,423.2,351.3,2018.9,148.6,2,Major Flood,2
Matale,Intermediate/Wet,Intermediate/Wet,Mahaweli Ganga,2016,153.8,92.3,147.1,357.9,85.6,163.9,81.3,82.1,95.9,199.3,297.5,190.2,1946.8,101.4,2,Minor Flood,1
Kurunegala,Intermediate,Intermediate,Deduru Oya,2016,111.3,98.8,149.1,268.9,181.2,125.0,115.4,99.2,182.0,202.5,377.8,156.5,2067.9,113.9,0,Major Flood,2
Anuradhapura,Dry,Dry,Malwathu Oya,2016,139.4,110.3,123.4,118.2,15.0,193.3,131.0,46.6,73.8,170.9,263.0,207.7,1592.6,93.2,0,Minor Flood,1
Polonnaruwa,Dry,Dry,Mahaweli Ganga,2016,156.9,96.0,69.1,189.3,181.6,69.1,54.8,10.0,56.7,301.0,244.7,268.3,1697.6,104.9,0,Minor Flood,1
Hambantota,Dry,Dry,Walawe Ganga,2016,100.2,80.9,130.3,208.1,15.0,152.0,10.0,107.7,73.0,251.0,148.3,231.1,1507.6,87.0,0,Minor Flood,1
Monaragala,Dry/Intermediate,Dry/Intermediate,Menik Ganga,2016,136.0,62.0,154.5,172.0,152.4,98.8,78.5,48.1,129.9,252.9,280.3,213.9,1779.2,119.2,0,Minor Flood,1
Ampara,Dry,Dry,Gal Oya,2016,227.8,112.8,107.4,210.0,39.2,61.4,49.6,80.9,15.0,228.9,385.3,393.2,1911.4,143.9,0,Major Flood,2
Batticaloa,Dry,Dry,Mundeni Aru,2016,262.0,146.6,85.0,266.3,178.0,97.0,72.9,30.5,70.3,193.5,200.9,321.5,1924.5,101.7,0,Minor Flood,1
Trincomalee,Dry,Dry,Mahaweli Ganga,2016,193.3,168.7,100.8,186.2,109.2,113.4,94.8,90.8,29.4,214.1,311.0,328.9,1940.5,146.9,0,Major Flood,2
Jaffna,Dry,Dry,Peninsula / Coastal,2016,201.8,115.9,73.8,126.6,15.0,50.4,27.6,53.0,43.2,201.8,260.4,395.7,1565.4,153.0,0,Major Flood,2
Kilinochchi,Dry,Dry,Kanakarayan Aru,2016,235.9,141.2,100.1,170.9,107.8,85.5,25.2,52.1,43.9,157.6,318.8,317.4,1756.6,113.3,0,Minor Flood,1
Mannar,Dry,Dry,Aruvi Aru,2016,194.2,145.6,84.4,133.6,29.4,59.4,107.8,97.3,37.8,200.8,169.0,238.5,1497.7,93.9,0,Minor Flood,1
Vavuniya,Dry,Dry,Malwathu Oya,2016,222.8,126.0,44.2,132.4,15.0,15.2,78.0,23.3,73.8,117.5,286.8,256.4,1391.4,80.6,0,Minor Flood,1
Mullaitivu,Dry,Dry,Nay Aru,2016,167.6,135.0,124.9,114.9,75.2,101.8,18.9,62.8,15.0,274.7,236.8,322.1,1649.8,126.4,0,Minor Flood,1
Puttalam,Dry,Dry,Deduru Oya,2016,162.4,80.8,85.2,202.6,112.8,40.0,52.3,55.6,161.5,118.8,352.4,146.0,1570.4,137.2,0,Minor Flood,1
Colombo,Wet,Wet,Kelani Ganga,2017,94.7,20.8,196.0,348.0,378.8,349.4,236.4,314.4,249.2,391.7,365.8,46.1,2991.3,141.4,0,Minor Flood,1
Gampaha,Wet,Wet,Kelani Ganga,2017,75.2,5.0,153.8,317.4,328.8,399.2,186.6,278.9,328.1,245.0,567.7,108.5,2994.3,186.6,0,Major Flood,2
Kalutara,Wet,Wet,Kalu Ganga,2017,67.3,42.6,150.0,383.9,564.3,554.6,408.1,289.6,521.7,308.4,361.3,86.1,3738.1,226.1,3,Major Flood,2
Ratnapura,Wet,Wet,Kalu Ganga,2017,130.9,49.3,250.5,353.0,541.2,556.4,398.0,349.1,463.3,449.7,596.2,65.7,4203.3,263.5,3,Major Flood,2
Kegalle,Wet,Wet,Kelani Ganga,2017,124.8,52.2,165.8,341.6,573.4,379.0,341.9,315.2,457.0,449.2,476.4,20.0,3696.4,205.8,3,Major Flood,2
Galle,Wet,Wet,Gin Ganga,2017,92.2,17.1,181.8,339.5,540.7,313.3,418.2,297.5,450.5,438.9,386.7,175.1,3651.5,182.5,3,Major Flood,2
Matara,Wet,Wet,Nilwala Ganga,2017,34.0,39.9,139.1,348.1,451.1,361.7,277.1,382.6,384.6,324.3,425.7,226.8,3394.9,193.2,3,Major Flood,2
Kandy,Wet,Wet,Mahaweli Ganga,2017,105.4,60.3,142.1,297.5,378.3,279.0,262.2,152.8,222.9,292.9,398.9,164.8,2757.0,126.8,2,Minor Flood,1
Nuwara Eliya,Wet,Wet,Mahaweli Ganga,2017,116.0,63.6,217.3,333.5,226.2,282.3,352.8,200.3,388.6,299.2,350.2,215.7,3045.8,172.3,3,Major Flood,2
Badulla,Intermediate/Wet,Intermediate/Wet,Mahaweli Ganga,2017,220.6,68.3,126.0,228.8,184.4,77.4,17.2,94.0,125.7,367.8,230.6,331.8,2072.6,133.1,2,Minor Flood,1
Matale,Intermediate/Wet,Intermediate/Wet,Mahaweli Ganga,2017,135.2,128.3,168.9,220.2,54.0,87.0,40.0,37.3,233.3,390.4,227.3,263.5,1985.3,142.2,2,Major Flood,2
Kurunegala,Intermediate,Intermediate,Deduru Oya,2017,103.0,57.0,136.8,271.5,134.9,258.4,150.2,156.7,131.0,378.8,322.6,176.3,2277.0,123.5,0,Major Flood,2
Anuradhapura,Dry,Dry,Malwathu Oya,2017,131.7,68.3,85.7,155.5,36.7,30.5,65.3,103.0,60.4,204.2,174.1,232.4,1347.9,91.8,0,Minor Flood,1
Polonnaruwa,Dry,Dry,Mahaweli Ganga,2017,209.1,120.8,123.1,261.3,81.3,108.6,34.6,153.9,170.2,232.7,286.1,352.2,2133.9,153.0,0,Major Flood,2
Hambantota,Dry,Dry,Walawe Ganga,2017,102.8,60.3,104.4,89.4,163.3,219.2,99.9,60.5,83.3,251.3,218.1,216.0,1668.5,101.8,0,Minor Flood,1
Monaragala,Dry/Intermediate,Dry/Intermediate,Menik Ganga,2017,130.2,85.7,104.1,228.7,64.4,166.3,166.8,70.2,153.8,180.2,343.9,296.0,1990.4,125.1,0,Minor Flood,1
Ampara,Dry,Dry,Gal Oya,2017,214.8,136.9,59.8,179.3,64.6,62.0,10.0,76.0,112.3,187.4,186.4,296.5,1586.0,91.5,0,Minor Flood,1
Batticaloa,Dry,Dry,Mundeni Aru,2017,243.1,148.2,120.3,76.1,122.9,126.2,10.0,10.0,28.2,198.2,288.6,298.5,1670.3,117.3,0,Minor Flood,1
Trincomalee,Dry,Dry,Mahaweli Ganga,2017,265.0,111.0,64.0,149.4,48.6,67.1,45.4,16.9,65.3,242.5,306.6,428.8,1810.6,179.8,0,Major Flood,2
Jaffna,Dry,Dry,Peninsula / Coastal,2017,174.4,106.5,174.6,189.2,191.5,113.3,45.7,44.0,38.8,92.9,223.0,385.3,1779.1,156.9,0,Major Flood,2
Kilinochchi,Dry,Dry,Kanakarayan Aru,2017,192.0,100.3,69.0,190.2,15.0,10.0,98.8,10.0,88.8,85.0,329.2,251.1,1439.4,132.8,0,Minor Flood,1
Mannar,Dry,Dry,Aruvi Aru,2017,177.3,89.6,45.4,228.5,15.0,76.7,82.5,10.0,92.5,231.5,321.1,240.4,1610.6,111.0,0,Minor Flood,1
Vavuniya,Dry,Dry,Malwathu Oya,2017,196.8,77.0,150.8,151.9,133.9,61.7,60.3,75.9,93.0,188.3,269.5,307.0,1766.1,94.5,0,Minor Flood,1
Mullaitivu,Dry,Dry,Nay Aru,2017,226.3,136.3,129.8,172.8,15.0,31.7,41.1,10.0,115.1,217.3,259.7,403.2,1758.4,166.4,0,Major Flood,2
Puttalam,Dry,Dry,Deduru Oya,2017,144.4,47.7,136.1,188.5,138.9,10.0,98.0,10.0,67.4,141.3,315.2,196.3,1493.7,141.8,0,Major Flood,2
Colombo,Wet,Wet,Kelani Ganga,2018,23.2,52.3,75.5,69.0,287.6,138.3,142.4,145.5,140.3,204.5,172.1,74.2,1524.9,105.4,0,Minor Flood,1
Gampaha,Wet,Wet,Kelani Ganga,2018,58.3,7.5,85.6,195.9,186.4,202.5,96.2,175.8,279.9,394.1,260.8,112.1,2055.1,149.4,0,Minor Flood,1
Kalutara,Wet,Wet,Kalu Ganga,2018,69.4,28.2,100.4,264.8,355.4,384.2,278.6,255.2,333.7,224.3,248.0,33.1,2575.2,126.9,2,Minor Flood,1
Ratnapura,Wet,Wet,Kalu Ganga,2018,45.2,53.0,110.4,185.4,348.9,338.3,218.8,203.2,422.8,242.9,310.4,87.4,2566.7,180.2,3,Major Flood,2
Kegalle,Wet,Wet,Kelani Ganga,2018,42.3,5.0,130.0,254.4,422.4,249.0,305.0,221.0,285.5,325.5,270.7,20.0,2531.0,167.8,3,Major Flood,2
Galle,Wet,Wet,Gin Ganga,2018,53.8,39.0,95.6,196.2,308.8,259.0,287.6,231.4,283.5,305.3,271.7,53.8,2385.6,112.8,2,Minor Flood,1
Matara,Wet,Wet,Nilwala Ganga,2018,52.1,23.2,120.5,153.5,279.7,108.3,240.4,193.8,255.5,152.1,297.8,168.6,2045.4,130.4,2,Minor Flood,1
Kandy,Wet,Wet,Mahaweli Ganga,2018,59.8,5.0,102.0,147.0,144.6,145.0,214.5,220.8,169.5,191.2,169.9,142.4,1711.6,79.5,1,No Flood,1
Nuwara Eliya,Wet,Wet,Mahaweli Ganga,2018,78.2,75.8,43.8,133.7,261.4,206.0,134.1,154.2,233.9,205.6,225.8,141.8,1894.3,110.7,2,Minor Flood,1
Badulla,Intermediate/Wet,Intermediate/Wet,Mahaweli Ganga,2018,77.6,22.7,117.1,172.0,93.6,55.9,38.5,14.1,51.1,54.1,156.1,162.9,1015.7,52.4,0,No Flood,0
Matale,Intermediate/Wet,Intermediate/Wet,Mahaweli Ganga,2018,109.6,51.0,117.7,193.8,220.1,94.4,126.9,79.9,96.3,145.7,48.3,203.7,1487.4,74.3,0,No Flood,0
Kurunegala,Intermediate,Intermediate,Deduru Oya,2018,89.4,43.1,125.3,158.9,76.3,102.6,21.7,37.9,154.4,248.8,244.5,20.0,1322.9,75.8,0,Minor Flood,1
Anuradhapura,Dry,Dry,Malwathu Oya,2018,89.1,66.4,10.0,65.6,51.2,116.0,51.0,10.0,15.0,97.1,150.2,40.7,762.4,50.8,0,No Flood,0
Polonnaruwa,Dry,Dry,Mahaweli Ganga,2018,104.9,37.5,101.8,149.4,54.5,117.8,69.5,10.0,15.0,200.1,195.7,193.5,1249.8,80.6,0,No Flood,0
Hambantota,Dry,Dry,Walawe Ganga,2018,66.0,13.4,54.3,83.4,31.8,135.4,93.8,10.0,15.0,114.1,111.3,128.2,856.7,53.2,0,No Flood,0
Monaragala,Dry/Intermediate,Dry/Intermediate,Menik Ganga,2018,79.5,43.9,58.1,126.9,86.4,10.0,14.6,31.1,134.7,93.8,189.0,233.4,1101.5,88.7,0,Minor Flood,1
Ampara,Dry,Dry,Gal Oya,2018,124.1,59.8,51.3,96.1,54.7,10.0,63.1,34.8,66.3,82.4,186.0,283.1,1111.6,91.5,0,Minor Flood,1
Batticaloa,Dry,Dry,Mundeni Aru,2018,192.5,75.0,98.4,157.1,151.2,14.5,10.0,11.5,104.8,48.9,44.0,262.2,1170.2,96.1,0,Minor Flood,1
Trincomalee,Dry,Dry,Mahaweli Ganga,2018,154.2,108.6,13.1,106.5,15.0,10.0,10.0,10.0,27.5,220.0,71.0,246.0,991.9,100.0,0,Minor Flood,1
Jaffna,Dry,Dry,Peninsula / Coastal,2018,170.3,78.4,36.0,130.8,85.7,60.4,10.0,10.0,26.2,125.9,193.2,110.7,1037.7,60.3,0,No Flood,0
Kilinochchi,Dry,Dry,Kanakarayan Aru,2018,121.2,85.7,56.2,48.6,15.0,31.6,10.0,10.0,76.7,181.5,269.8,189.1,1095.3,109.3,0,Minor Flood,1
Mannar,Dry,Dry,Aruvi Aru,2018,98.0,72.2,45.9,90.3,56.7,10.0,89.8,14.4,57.4,208.2,203.0,101.4,1047.3,58.6,0,No Flood,0
Vavuniya,Dry,Dry,Malwathu Oya,2018,90.7,83.8,89.9,136.5,28.4,62.7,27.4,10.0,15.0,178.2,94.1,144.5,961.2,79.9,0,No Flood,0
Mullaitivu,Dry,Dry,Nay Aru,2018,148.5,51.2,52.1,123.8,114.1,65.2,10.0,70.5,15.0,61.8,141.8,290.0,1144.0,107.7,0,Minor Flood,1
Puttalam,Dry,Dry,Deduru Oya,2018,42.1,71.3,116.7,94.3,68.3,92.3,35.0,47.5,53.4,69.7,156.0,126.2,972.9,50.7,0,No Flood,0
Colombo,Wet,Wet,Kelani Ganga,2019,99.3,27.9,82.3,165.7,233.0,161.0,106.0,147.2,176.1,125.0,287.5,63.7,1674.5,116.6,0,Minor Flood,1
Gampaha,Wet,Wet,Kelani Ganga,2019,9.6,21.0,57.5,164.7,220.4,233.9,24.7,86.4,207.1,83.9,241.4,110.6,1461.2,75.7,0,No Flood,0
Kalutara,Wet,Wet,Kalu Ganga,2019,77.6,22.1,168.6,99.4,315.3,299.8,233.3,168.9,210.9,233.8,286.1,93.8,2209.9,134.3,2,Minor Flood,1
Ratnapura,Wet,Wet,Kalu Ganga,2019,34.5,35.0,128.7,165.6,358.1,164.2,301.4,187.1,288.9,231.5,192.2,76.6,2163.7,134.4,2,Minor Flood,1
Kegalle,Wet,Wet,Kelani Ganga,2019,21.0,15.5,90.4,211.5,175.4,209.8,187.1,92.2,169.0,160.8,175.1,78.2,1586.0,61.3,0,No Flood,0
Galle,Wet,Wet,Gin Ganga,2019,79.6,8.1,20.2,214.5,125.6,263.5,204.7,170.6,174.8,220.6,282.4,20.0,1784.3,83.1,1,No Flood,1
Matara,Wet,Wet,Nilwala Ganga,2019,55.9,39.8,63.6,157.0,283.9,257.8,157.0,137.5,195.8,110.2,189.0,100.9,1748.2,120.3,2,Minor Flood,1
Kandy,Wet,Wet,Mahaweli Ganga,2019,31.7,75.4,20.6,112.0,159.6,175.3,129.9,184.9,111.7,110.0,168.4,72.2,1351.6,51.9,0,No Flood,0
Nuwara Eliya,Wet,Wet,Mahaweli Ganga,2019,37.3,23.2,128.7,115.1,188.2,174.1,72.6,73.6,76.9,103.6,30.0,110.5,1133.8,69.1,0,No Flood,0
Badulla,Intermediate/Wet,Intermediate/Wet,Mahaweli Ganga,2019,59.3,78.8,38.2,88.7,141.9,18.1,80.6,89.3,77.8,47.7,111.9,268.0,1100.3,100.1,2,Minor Flood,1
Matale,Intermediate/Wet,Intermediate/Wet,Mahaweli Ganga,2019,152.5,38.4,38.6,117.7,42.4,88.2,10.0,40.5,128.0,125.4,154.1,151.2,1087.0,52.4,0,No Flood,0
Kurunegala,Intermediate,Intermediate,Deduru Oya,2019,10.1,45.7,10.0,143.5,82.7,150.1,52.3,10.0,69.0,155.2,155.2,107.2,990.9,49.2,0,No Flood,0
Anuradhapura,Dry,Dry,Malwathu Oya,2019,38.4,19.5,55.8,34.9,102.5,27.9,29.1,12.0,68.0,147.8,135.2,145.8,816.9,64.7,0,No Flood,0
Polonnaruwa,Dry,Dry,Mahaweli Ganga,2019,89.2,7.2,37.9,81.4,15.0,10.0,42.9,57.7,49.3,156.5,175.4,122.2,844.7,57.8,0,No Flood,0
Hambantota,Dry,Dry,Walawe Ganga,2019,30.9,32.6,53.5,22.5,90.0,114.5,29.9,89.1,34.6,151.8,30.0,204.2,883.7,72.7,0,No Flood,0
Monaragala,Dry/Intermediate,Dry/Intermediate,Menik Ganga,2019,79.3,72.6,17.7,61.4,58.9,22.6,13.1,17.8,109.8,184.6,133.8,200.3,972.0,86.5,0,Minor Flood,1
Ampara,Dry,Dry,Gal Oya,2019,68.6,77.3,40.9,35.4,116.8,136.5,23.3,109.5,34.0,89.2,85.0,243.6,1060.0,99.6,0,Minor Flood,1
Batticaloa,Dry,Dry,Mundeni Aru,2019,105.1,54.3,39.4,53.0,47.5,41.9,81.2,10.0,15.0,165.9,144.2,193.3,950.9,65.2,0,No Flood,0
Trincomalee,Dry,Dry,Mahaweli Ganga,2019,85.6,75.7,51.6,22.4,15.0,10.0,21.9,98.7,41.3,61.6,140.3,153.9,777.9,43.6,0,No Flood,0
Jaffna,Dry,Dry,Peninsula / Coastal,2019,112.3,50.1,30.8,84.8,22.1,87.5,31.1,59.2,50.1,25.0,70.8,154.4,778.2,43.6,0,No Flood,0
Kilinochchi,Dry,Dry,Kanakarayan Aru,2019,105.8,37.5,93.7,165.0,24.8,10.0,11.1,45.9,85.9,135.0,120.0,226.8,1061.7,96.6,0,Minor Flood,1
Mannar,Dry,Dry,Aruvi Aru,2019,104.2,40.5,15.2,34.9,15.0,10.0,30.8,10.0,29.5,163.7,67.2,244.4,765.4,84.7,0,No Flood,0
Vavuniya,Dry,Dry,Malwathu Oya,2019,42.9,30.0,10.0,76.4,15.0,29.2,10.0,22.6,15.0,190.9,205.1,176.5,823.6,81.1,0,No Flood,0
Mullaitivu,Dry,Dry,Nay Aru,2019,45.5,45.4,88.6,29.3,98.7,22.7,16.2,20.1,39.2,43.5,96.5,180.2,725.9,78.9,0,No Flood,0
Puttalam,Dry,Dry,Deduru Oya,2019,83.7,49.0,32.6,67.3,15.0,46.2,10.0,10.0,18.0,88.3,97.3,116.4,633.8,33.2,0,No Flood,0
Colombo,Wet,Wet,Kelani Ganga,2020,54.2,7.7,122.7,228.0,209.5,314.2,171.9,197.5,305.0,328.8,309.6,59.0,2308.1,131.6,0,Minor Flood,1
Gampaha,Wet,Wet,Kelani Ganga,2020,39.6,41.6,118.4,146.1,323.4,219.4,255.6,170.8,295.6,289.9,360.8,60.2,2321.4,117.9,0,Minor Flood,1
Kalutara,Wet,Wet,Kalu Ganga,2020,28.0,40.5,83.1,254.3,457.2,354.1,256.8,312.6,349.6,296.7,369.6,232.1,3034.6,195.9,3,Major Flood,2
Ratnapura,Wet,Wet,Kalu Ganga,2020,85.5,32.7,184.9,328.3,447.3,367.4,244.6,256.1,261.8,289.1,409.9,120.9,3028.5,132.0,2,Minor Flood,1
Kegalle,Wet,Wet,Kelani Ganga,2020,68.5,54.9,172.0,274.4,344.9,258.7,205.2,209.8,287.2,307.7,291.0,124.9,2599.3,127.2,2,Minor Flood,1
Galle,Wet,Wet,Gin Ganga,2020,64.8,79.1,118.4,238.2,371.8,347.5,292.1,258.7,330.2,288.8,343.7,97.3,2830.5,137.7,2,Minor Flood,1
Matara,Wet,Wet,Nilwala Ganga,2020,26.2,33.4,96.1,253.3,258.8,331.3,222.8,200.9,220.7,254.1,387.8,99.0,2384.6,155.5,3,Major Flood,2
Kandy,Wet,Wet,Mahaweli Ganga,2020,68.6,52.8,85.4,228.1,183.4,237.8,77.1,105.2,129.7,267.8,323.6,152.9,1912.4,114.5,2,Minor Flood,1
Nuwara Eliya,Wet,Wet,Mahaweli Ganga,2020,104.1,46.4,54.9,320.2,367.0,267.5,151.2,165.1,188.8,322.6,294.7,91.9,2374.4,157.7,3,Major Flood,2
Badulla,Intermediate/Wet,Intermediate/Wet,Mahaweli Ganga,2020,162.9,65.6,130.4,105.3,15.0,154.8,73.0,103.5,89.8,211.1,151.7,206.9,1470.1,77.5,1,No Flood,1
Matale,Intermediate/Wet,Intermediate/Wet,Mahaweli Ganga,2020,142.8,84.3,109.2,202.6,158.0,86.9,82.7,82.4,105.6,262.6,269.9,304.4,1891.4,87.9,1,Minor Flood,1
Kurunegala,Intermediate,Intermediate,Deduru Oya,2020,80.2,77.8,101.4,274.5,72.0,130.6,71.4,77.2,99.7,186.5,370.3,194.5,1736.2,113.4,0,Major Flood,2
Anuradhapura,Dry,Dry,Malwathu Oya,2020,134.6,78.9,45.8,89.8,25.8,61.6,106.5,10.0,35.2,78.7,71.1,233.4,971.4,96.4,0,Minor Flood,1
Polonnaruwa,Dry,Dry,Mahaweli Ganga,2020,127.0,95.4,69.5,153.2,79.3,24.1,86.6,40.0,15.0,122.7,30.0,218.5,1061.2,74.0,0,No Flood,0
Hambantota,Dry,Dry,Walawe Ganga,2020,110.7,62.6,96.8,89.4,181.2,26.1,69.1,54.1,60.7,239.0,132.7,63.6,1186.0,67.7,0,No Flood,0
Monaragala,Dry/Intermediate,Dry/Intermediate,Menik Ganga,2020,136.9,134.1,94.6,151.4,18.5,10.0,112.2,32.7,199.6,237.2,230.4,204.8,1562.3,71.7,0,No Flood,0
Ampara,Dry,Dry,Gal Oya,2020,150.6,125.3,71.4,139.8,15.0,39.8,77.3,10.0,15.0,223.8,102.3,307.4,1277.8,99.0,0,Minor Flood,1
Batticaloa,Dry,Dry,Mundeni Aru,2020,201.1,87.3,84.2,99.9,15.0,78.1,79.3,10.0,15.0,52.6,328.0,306.3,1356.9,107.1,0,Minor Flood,1
Trincomalee,Dry,Dry,Mahaweli Ganga,2020,177.3,75.9,58.1,67.0,50.9,160.1,75.9,124.0,90.4,237.9,326.6,288.8,1732.9,140.0,0,Minor Flood,1
Jaffna,Dry,Dry,Peninsula / Coastal,2020,110.1,58.0,79.3,180.5,45.2,10.0,10.0,10.0,37.4,98.4,105.9,244.2,989.0,93.8,0,Minor Flood,1
Kilinochchi,Dry,Dry,Kanakarayan Aru,2020,175.3,100.8,63.8,162.5,15.0,12.5,10.0,10.0,125.1,257.1,182.8,322.2,1437.1,96.0,0,Minor Flood,1
Mannar,Dry,Dry,Aruvi Aru,2020,118.2,87.8,85.3,133.0,82.2,27.3,105.7,73.2,15.0,189.7,205.7,187.5,1310.7,89.1,0,Minor Flood,1
Vavuniya,Dry,Dry,Malwathu Oya,2020,142.5,73.7,72.0,128.3,201.8,10.0,10.0,43.6,19.7,177.6,216.4,280.1,1375.9,97.9,0,Minor Flood,1
Mullaitivu,Dry,Dry,Nay Aru,2020,178.9,82.5,82.5,202.2,15.0,47.7,10.0,22.5,65.5,91.8,166.3,294.5,1259.6,92.9,0,Minor Flood,1
Puttalam,Dry,Dry,Deduru Oya,2020,116.1,59.4,98.0,165.7,172.5,77.9,35.5,11.8,74.2,38.7,196.3,136.2,1182.3,66.9,0,No Flood,0
Colombo,Wet,Wet,Kelani Ganga,2021,85.9,6.1,187.1,310.2,306.9,354.3,397.8,302.8,283.4,402.6,312.5,32.9,2982.6,178.4,0,Major Flood,2
Gampaha,Wet,Wet,Kelani Ganga,2021,111.1,33.0,127.1,318.6,412.9,323.8,282.7,229.8,306.0,417.9,432.1,103.2,3098.3,152.7,0,Major Flood,2
Kalutara,Wet,Wet,Kalu Ganga,2021,27.2,80.3,153.1,450.4,694.1,434.0,437.0,326.2,434.9,392.2,512.0,148.2,4089.5,266.8,3,Major Flood,2
Ratnapura,Wet,Wet,Kalu Ganga,2021,89.4,40.6,216.3,366.3,641.4,476.7,337.5,361.5,448.9,447.7,467.6,199.5,4093.4,258.7,3,Major Flood,2
Kegalle,Wet,Wet,Kelani Ganga,2021,96.7,47.3,235.6,332.4,461.3,444.2,318.8,334.6,524.9,492.5,602.5,166.1,4056.8,180.6,3,Major Flood,2
Galle,Wet,Wet,Gin Ganga,2021,47.5,59.8,146.0,295.5,439.2,482.5,402.0,327.9,372.9,489.8,394.9,34.0,3492.0,151.9,3,Major Flood,2
Matara,Wet,Wet,Nilwala Ganga,2021,49.9,74.7,175.5,325.6,373.0,477.9,359.8,275.8,308.6,366.6,387.3,110.7,3285.4,197.0,3,Major Flood,2
Kandy,Wet,Wet,Mahaweli Ganga,2021,121.3,34.2,213.6,219.4,276.5,259.4,294.9,138.4,342.8,381.8,405.6,133.5,2821.3,126.2,2,Minor Flood,1
Nuwara Eliya,Wet,Wet,Mahaweli Ganga,2021,91.5,85.9,139.1,265.8,443.0,267.8,274.4,198.0,344.0,432.0,348.3,62.8,2952.6,169.0,3,Major Flood,2
Badulla,Intermediate/Wet,Intermediate/Wet,Mahaweli Ganga,2021,223.6,92.6,80.6,214.0,198.5,77.7,68.7,111.5,111.8,313.5,328.7,298.0,2119.1,132.4,2,Minor Flood,1
Matale,Intermediate/Wet,Intermediate/Wet,Mahaweli Ganga,2021,198.4,81.8,147.7,195.9,150.8,132.5,68.2,34.3,193.1,224.7,282.6,227.4,1937.3,119.4,2,Minor Flood,1
Kurunegala,Intermediate,Intermediate,Deduru Oya,2021,82.4,29.1,146.4,300.4,273.2,209.5,167.9,195.5,179.0,340.4,318.4,94.3,2336.5,123.9,0,Minor Flood,1
Anuradhapura,Dry,Dry,Malwathu Oya,2021,166.4,72.3,77.6,169.9,15.0,72.2,37.9,12.8,63.2,107.4,239.8,267.1,1301.6,115.2,0,Minor Flood,1
Polonnaruwa,Dry,Dry,Mahaweli Ganga,2021,173.9,144.5,98.7,235.0,62.2,111.6,102.7,64.2,15.0,233.1,341.0,310.6,1892.3,111.7,0,Minor Flood,1
Hambantota,Dry,Dry,Walawe Ganga,2021,155.1,71.2,98.8,158.0,143.8,104.3,44.3,59.4,48.0,209.6,245.4,254.3,1592.4,87.1,0,Minor Flood,1
Monaragala,Dry/Intermediate,Dry/Intermediate,Menik Ganga,2021,160.9,74.6,58.0,223.1,95.0,125.7,162.2,10.0,56.4,231.0,368.6,161.8,1727.4,135.4,0,Minor Flood,1
Ampara,Dry,Dry,Gal Oya,2021,207.4,122.4,126.9,165.6,150.3,10.0,33.9,35.4,68.5,113.7,348.9,355.7,1738.7,139.3,0,Minor Flood,1
Batticaloa,Dry,Dry,Mundeni Aru,2021,218.9,176.4,31.3,167.2,34.1,83.5,53.3,33.2,50.2,184.9,176.7,432.2,1641.9,173.7,0,Major Flood,2
Trincomalee,Dry,Dry,Mahaweli Ganga,2021,186.2,145.2,117.9,169.9,176.3,10.0,10.0,26.1,43.1,319.9,264.2,345.6,1814.4,135.6,0,Minor Flood,1
Jaffna,Dry,Dry,Peninsula / Coastal,2021,181.0,92.6,124.5,114.8,79.9,12.7,107.6,10.0,97.8,208.3,238.2,226.3,1493.7,86.4,0,Minor Flood,1
Kilinochchi,Dry,Dry,Kanakarayan Aru,2021,222.1,106.4,83.6,159.8,165.9,93.9,19.2,10.0,105.5,259.1,280.8,310.5,1816.7,125.8,0,Minor Flood,1
Mannar,Dry,Dry,Aruvi Aru,2021,227.3,66.3,105.1,217.4,29.8,86.5,10.0,10.0,59.8,233.5,281.7,342.4,1669.7,145.3,0,Major Flood,2
Vavuniya,Dry,Dry,Malwathu Oya,2021,210.0,100.3,110.0,161.5,15.0,97.6,100.9,138.8,64.0,145.9,213.6,277.4,1634.9,122.4,0,Minor Flood,1
Mullaitivu,Dry,Dry,Nay Aru,2021,237.1,126.2,57.7,224.9,177.7,56.3,62.1,44.0,72.2,201.6,232.7,380.2,1872.6,136.2,0,Major Flood,2
Puttalam,Dry,Dry,Deduru Oya,2021,95.4,73.2,144.7,193.2,149.5,119.4,75.9,86.8,93.5,235.1,299.5,265.2,1831.3,119.3,0,Minor Flood,1
Colombo,Wet,Wet,Kelani Ganga,2022,33.0,58.8,90.1,177.5,354.1,248.7,283.2,147.3,321.3,351.8,348.0,20.0,2433.7,131.2,0,Minor Flood,1
Gampaha,Wet,Wet,Kelani Ganga,2022,70.7,28.9,114.5,232.6,318.2,171.3,141.6,169.1,258.0,278.4,425.4,20.0,2228.7,171.1,0,Major Flood,2
Kalutara,Wet,Wet,Kalu Ganga,2022,91.7,35.3,105.8,377.4,502.3,427.6,320.5,226.8,449.8,297.6,441.7,149.5,3426.0,225.1,3,Major Flood,2
Ratnapura,Wet,Wet,Kalu Ganga,2022,103.3,41.3,146.8,360.0,467.8,453.8,358.6,380.5,458.4,302.8,350.9,165.6,3589.8,133.4,2,Major Flood,2
Kegalle,Wet,Wet,Kelani Ganga,2022,123.3,7.2,202.5,292.8,541.8,373.6,290.8,239.9,405.9,382.1,322.6,20.0,3202.6,230.1,3,Major Flood,2
Galle,Wet,Wet,Gin Ganga,2022,58.5,61.8,180.7,223.0,352.8,386.3,328.4,263.1,384.0,289.2,235.8,98.3,2861.8,164.8,3,Major Flood,2
Matara,Wet,Wet,Nilwala Ganga,2022,31.5,66.0,172.4,241.6,415.0,340.1,301.5,213.9,266.1,360.9,412.2,86.5,2907.7,169.9,3,Major Flood,2
Kandy,Wet,Wet,Mahaweli Ganga,2022,108.8,14.6,97.8,228.7,278.1,257.9,182.1,174.2,209.2,324.1,338.7,157.0,2371.2,131.8,2,Minor Flood,1
Nuwara Eliya,Wet,Wet,Mahaweli Ganga,2022,137.4,69.1,82.7,259.9,364.9,337.0,186.8,168.9,192.0,291.7,355.0,119.5,2564.9,122.5,2,Minor Flood,1
Badulla,Intermediate/Wet,Intermediate/Wet,Mahaweli Ganga,2022,165.9,81.9,86.1,136.3,199.3,130.2,48.7,102.6,90.4,217.0,291.7,193.5,1743.5,114.5,2,Minor Flood,1
Matale,Intermediate/Wet,Intermediate/Wet,Mahaweli Ganga,2022,132.2,48.1,74.8,256.5,91.6,114.1,158.9,66.1,102.7,272.1,363.8,189.7,1870.5,160.1,3,Major Flood,2
Kurunegala,Intermediate,Intermediate,Deduru Oya,2022,77.2,15.6,125.1,257.0,182.6,104.0,119.1,52.7,189.5,258.6,170.5,121.6,1673.5,82.6,0,Minor Flood,1
Anuradhapura,Dry,Dry,Malwathu Oya,2022,129.8,74.9,38.0,130.4,53.5,132.0,10.0,10.0,60.0,244.7,233.4,220.0,1337.0,106.0,0,Minor Flood,1
Polonnaruwa,Dry,Dry,Mahaweli Ganga,2022,162.2,82.8,83.3,148.0,54.4,90.6,10.0,10.0,15.0,317.9,254.0,254.3,1482.6,125.4,0,Minor Flood,1
Hambantota,Dry,Dry,Walawe Ganga,2022,76.2,42.6,80.8,108.6,29.3,33.4,120.3,76.3,37.2,228.0,149.6,47.6,1029.9,91.3,0,Minor Flood,1
Monaragala,Dry/Intermediate,Dry/Intermediate,Menik Ganga,2022,88.9,89.7,140.1,182.2,28.0,76.1,15.5,86.1,15.0,186.9,165.2,211.3,1285.1,60.0,0,No Flood,0
Ampara,Dry,Dry,Gal Oya,2022,192.1,85.6,10.0,190.3,91.8,122.5,10.0,14.1,57.8,229.5,124.5,303.3,1431.5,87.3,0,Minor Flood,1
Batticaloa,Dry,Dry,Mundeni Aru,2022,210.4,125.9,60.0,160.6,39.9,55.0,51.6,55.9,54.6,132.3,169.5,305.7,1421.3,130.2,0,Minor Flood,1
Trincomalee,Dry,Dry,Mahaweli Ganga,2022,151.2,75.6,73.4,113.6,42.2,100.2,31.6,28.2,36.2,256.0,303.6,319.9,1531.8,96.8,0,Minor Flood,1
Jaffna,Dry,Dry,Peninsula / Coastal,2022,189.0,127.4,60.8,194.0,15.0,103.0,66.1,10.0,49.5,162.8,227.3,262.1,1467.0,114.9,0,Minor Flood,1
Kilinochchi,Dry,Dry,Kanakarayan Aru,2022,188.6,81.8,101.1,137.5,144.7,24.5,10.0,22.7,21.8,95.0,235.7,335.9,1399.3,133.4,0,Minor Flood,1
Mannar,Dry,Dry,Aruvi Aru,2022,138.8,43.0,67.7,130.9,111.5,116.0,10.0,58.9,72.4,220.5,208.1,124.9,1302.8,67.3,0,No Flood,0
Vavuniya,Dry,Dry,Malwathu Oya,2022,179.2,82.8,111.9,131.8,15.0,64.4,45.5,141.1,15.0,160.5,150.1,231.9,1329.4,68.8,0,No Flood,0
Mullaitivu,Dry,Dry,Nay Aru,2022,138.6,85.9,71.0,169.3,58.0,121.6,10.0,65.4,40.8,217.3,169.2,335.3,1482.5,99.6,0,Minor Flood,1
Puttalam,Dry,Dry,Deduru Oya,2022,69.6,55.7,94.8,168.3,162.8,65.7,10.0,195.4,33.8,263.0,132.8,174.5,1426.4,93.5,0,Minor Flood,1
Colombo,Wet,Wet,Kelani Ganga,2023,39.9,25.1,106.7,220.0,267.7,253.9,208.0,182.3,225.2,205.2,329.8,58.9,2122.9,141.1,0,Minor Flood,1
Gampaha,Wet,Wet,Kelani Ganga,2023,47.1,26.4,65.1,249.6,251.1,228.9,199.6,134.9,234.7,228.5,223.5,109.0,1998.5,96.4,0,Minor Flood,1
Kalutara,Wet,Wet,Kalu Ganga,2023,37.8,56.6,146.1,297.5,473.3,255.6,234.2,275.0,251.2,245.7,440.3,67.9,2781.3,171.3,3,Major Flood,2
Ratnapura,Wet,Wet,Kalu Ganga,2023,71.6,47.8,183.7,248.4,548.0,475.3,294.7,252.4,385.5,304.8,291.2,181.0,3284.4,204.1,3,Major Flood,2
Kegalle,Wet,Wet,Kelani Ganga,2023,54.3,17.2,122.2,239.8,445.4,351.4,333.1,218.9,243.3,387.9,366.3,65.1,2844.9,189.4,3,Major Flood,2
Galle,Wet,Wet,Gin Ganga,2023,104.1,44.9,179.6,252.3,427.5,304.8,257.4,271.8,380.2,327.6,314.0,171.1,3035.2,152.4,3,Major Flood,2
Matara,Wet,Wet,Nilwala Ganga,2023,69.3,5.0,119.0,243.5,387.1,327.4,281.1,282.4,332.4,279.0,291.8,100.7,2718.7,164.2,3,Major Flood,2
Kandy,Wet,Wet,Mahaweli Ganga,2023,46.5,36.3,100.1,238.7,176.3,227.7,150.2,130.7,187.8,218.7,244.5,46.3,1803.7,72.1,0,No Flood,0
Nuwara Eliya,Wet,Wet,Mahaweli Ganga,2023,103.3,30.1,114.6,151.0,263.1,247.5,173.4,162.1,226.8,217.0,320.8,192.8,2202.5,126.0,2,Minor Flood,1
Badulla,Intermediate/Wet,Intermediate/Wet,Mahaweli Ganga,2023,113.3,68.4,107.8,205.5,153.9,82.9,12.5,23.2,94.0,220.9,154.0,199.5,1435.9,69.9,0,No Flood,0
Matale,Intermediate/Wet,Intermediate/Wet,Mahaweli Ganga,2023,93.3,99.2,69.6,204.0,79.2,160.2,117.7,65.5,58.3,152.9,172.8,243.2,1515.8,69.6,0,No Flood,0
Kurunegala,Intermediate,Intermediate,Deduru Oya,2023,32.4,49.6,92.3,240.8,85.6,34.8,128.0,105.7,66.5,125.3,344.2,187.6,1492.7,124.5,0,Minor Flood,1
Anuradhapura,Dry,Dry,Malwathu Oya,2023,117.0,61.9,58.0,173.1,15.0,93.3,25.1,10.0,32.3,147.5,136.7,231.0,1100.9,87.5,0,Minor Flood,1
Polonnaruwa,Dry,Dry,Mahaweli Ganga,2023,137.7,90.8,29.5,98.7,134.9,81.4,16.1,88.3,111.5,183.1,129.4,183.9,1285.2,58.8,0,No Flood,0
Hambantota,Dry,Dry,Walawe Ganga,2023,62.3,23.7,85.7,213.4,46.5,47.1,57.1,10.0,31.0,146.9,111.0,184.1,1018.7,83.5,0,No Flood,0
Monaragala,Dry/Intermediate,Dry/Intermediate,Menik Ganga,2023,126.1,29.2,51.6,94.0,126.8,67.2,55.8,10.0,50.8,129.5,222.2,125.8,1088.8,98.1,0,Minor Flood,1
Ampara,Dry,Dry,Gal Oya,2023,181.4,92.0,83.6,107.2,15.0,26.3,10.0,27.8,15.0,217.5,140.4,222.9,1139.2,95.2,0,Minor Flood,1
Batticaloa,Dry,Dry,Mundeni Aru,2023,252.4,96.7,18.9,202.2,81.0,10.0,10.0,55.6,24.2,59.8,313.4,263.2,1387.5,121.0,0,Minor Flood,1
Trincomalee,Dry,Dry,Mahaweli Ganga,2023,198.1,109.5,42.7,88.4,15.0,17.8,41.5,10.0,65.4,206.1,157.0,188.7,1140.2,75.5,0,No Flood,0
Jaffna,Dry,Dry,Peninsula / Coastal,2023,161.0,91.3,62.7,151.0,15.0,48.1,10.0,39.2,126.9,82.2,110.3,198.3,1096.1,88.8,0,Minor Flood,1
Kilinochchi,Dry,Dry,Kanakarayan Aru,2023,127.1,73.2,99.7,127.9,15.0,86.7,105.8,45.6,77.4,223.5,61.4,319.7,1363.1,124.4,0,Minor Flood,1
Mannar,Dry,Dry,Aruvi Aru,2023,149.1,66.1,54.6,47.1,18.4,10.0,10.0,10.0,15.0,109.2,156.6,109.2,755.2,59.0,0,No Flood,0
Vavuniya,Dry,Dry,Malwathu Oya,2023,149.4,57.5,80.9,113.0,15.0,135.6,57.1,49.6,15.0,74.1,165.3,175.9,1088.4,73.2,0,No Flood,0
Mullaitivu,Dry,Dry,Nay Aru,2023,155.8,86.5,37.7,125.2,123.7,57.5,29.6,19.4,49.4,195.3,208.7,224.5,1313.3,96.5,0,Minor Flood,1
Puttalam,Dry,Dry,Deduru Oya,2023,98.8,80.5,79.3,101.0,141.6,33.8,63.4,53.4,60.7,165.1,89.9,88.7,1056.1,63.8,0,No Flood,0
Colombo,Wet,Wet,Kelani Ganga,2024,57.2,63.0,186.6,306.9,304.1,345.5,251.9,268.4,284.3,298.1,270.3,162.6,2798.8,136.4,0,Minor Flood,1
Gampaha,Wet,Wet,Kelani Ganga,2024,18.8,39.7,140.9,275.6,376.2,347.6,328.2,203.7,333.1,390.5,219.8,70.0,2744.2,110.1,0,Minor Flood,1
Kalutara,Wet,Wet,Kalu Ganga,2024,89.1,61.2,206.9,329.7,535.0,532.2,432.4,351.1,387.5,416.8,523.4,222.2,4087.5,156.8,3,Major Flood,2
Ratnapura,Wet,Wet,Kalu Ganga,2024,95.2,35.8,213.9,344.7,540.9,513.3,377.4,381.4,469.2,421.6,476.0,212.2,4081.7,176.5,3,Major Flood,2
Kegalle,Wet,Wet,Kelani Ganga,2024,134.7,58.4,185.9,329.3,547.5,481.6,387.2,347.5,479.9,419.0,406.2,111.5,3888.9,204.3,3,Major Flood,2
Galle,Wet,Wet,Gin Ganga,2024,117.3,48.2,164.5,302.7,483.2,457.4,312.3,264.2,362.9,417.3,433.2,197.8,3560.9,210.6,3,Major Flood,2
Matara,Wet,Wet,Nilwala Ganga,2024,40.9,42.1,133.2,304.8,554.4,326.3,294.6,280.9,366.6,415.6,406.3,152.7,3318.5,216.9,3,Major Flood,2
Kandy,Wet,Wet,Mahaweli Ganga,2024,114.3,61.1,152.0,334.8,288.4,298.2,202.1,234.2,281.2,316.4,352.1,207.0,2841.9,136.0,2,Minor Flood,1
Nuwara Eliya,Wet,Wet,Mahaweli Ganga,2024,146.8,24.4,121.6,260.1,369.8,383.3,160.0,203.0,177.9,326.7,383.1,252.1,2808.7,164.5,3,Major Flood,2
Badulla,Intermediate/Wet,Intermediate/Wet,Mahaweli Ganga,2024,136.9,103.1,127.4,272.3,166.9,57.7,140.8,71.2,197.7,257.1,299.5,233.0,2063.4,133.9,2,Minor Flood,1
Matale,Intermediate/Wet,Intermediate/Wet,Mahaweli Ganga,2024,158.8,102.1,88.9,168.4,234.8,177.7,116.1,170.3,118.6,346.2,311.6,212.7,2206.1,153.0,3,Major Flood,2
Kurunegala,Intermediate,Intermediate,Deduru Oya,2024,113.6,85.3,149.4,253.0,86.5,134.8,121.0,48.5,106.9,285.5,332.4,187.7,1904.7,142.5,0,Major Flood,2
Anuradhapura,Dry,Dry,Malwathu Oya,2024,161.8,60.1,146.8,217.3,61.9,45.0,98.5,127.1,108.6,339.1,174.9,202.6,1743.8,102.9,0,Minor Flood,1
Polonnaruwa,Dry,Dry,Mahaweli Ganga,2024,191.5,122.5,87.5,170.4,108.6,104.7,15.6,124.8,38.9,289.9,290.4,314.5,1859.2,103.9,0,Minor Flood,1
Hambantota,Dry,Dry,Walawe Ganga,2024,78.7,55.6,101.2,146.7,157.9,69.4,141.7,66.7,124.9,253.6,194.1,69.9,1460.4,96.6,0,Minor Flood,1
Monaragala,Dry/Intermediate,Dry/Intermediate,Menik Ganga,2024,152.0,93.7,175.0,168.6,54.5,50.6,133.3,43.5,48.8,257.5,294.1,297.2,1768.7,131.7,0,Minor Flood,1
Ampara,Dry,Dry,Gal Oya,2024,190.7,130.0,166.2,173.3,51.4,37.2,30.2,10.0,81.2,181.3,156.3,372.6,1580.2,105.2,0,Minor Flood,1
Batticaloa,Dry,Dry,Mundeni Aru,2024,249.9,127.0,95.4,156.1,108.9,161.3,12.3,10.0,101.1,262.7,295.8,475.3,2055.7,162.3,0,Major Flood,2
Trincomalee,Dry,Dry,Mahaweli Ganga,2024,250.3,120.6,139.1,234.0,80.1,42.7,10.0,46.3,89.4,212.5,118.2,418.7,1761.9,122.4,0,Major Flood,2
Jaffna,Dry,Dry,Peninsula / Coastal,2024,233.8,137.1,92.8,257.0,168.1,10.0,10.0,63.7,108.9,183.7,189.2,283.8,1738.1,112.2,0,Minor Flood,1
Kilinochchi,Dry,Dry,Kanakarayan Aru,2024,228.0,99.4,102.2,149.3,66.4,93.5,10.0,10.0,54.9,352.9,178.8,416.7,1762.0,151.5,0,Major Flood,2
Mannar,Dry,Dry,Aruvi Aru,2024,153.1,100.3,64.7,141.9,139.1,39.6,10.0,24.5,45.6,136.1,256.6,190.8,1302.3,114.5,0,Minor Flood,1
Vavuniya,Dry,Dry,Malwathu Oya,2024,177.3,95.6,106.4,168.5,80.5,65.1,94.1,67.0,60.4,299.9,262.2,349.4,1826.4,116.5,0,Minor Flood,1
Mullaitivu,Dry,Dry,Nay Aru,2024,249.1,168.9,134.9,150.0,66.7,35.4,20.9,31.3,110.0,113.4,169.7,395.9,1646.2,137.2,0,Major Flood,2
Puttalam,Dry,Dry,Deduru Oya,2024,139.6,98.6,75.8,261.5,115.6,86.6,51.7,10.0,130.6,197.1,223.4,242.4,1632.9,76.8,0,Minor Flood,1
